epoch_ts,twin_update_mean_ms,twin_update_p95_ms,adv_gen_mean_ms,adv_gen_p95_ms
5279989964816,0.311,0.311,7.705,7.705
5279990974393,0.254,0.305,7.988,8.242
5279991984582,0.214,0.299,7.73,8.214
5279992993362,0.207,0.294,6.874,8.186
5279993999585,0.204,0.288,6.324,8.157
5279995005445,0.201,0.282,6.104,8.129
5279996012398,0.2,0.278,5.84,8.101
5279997018431,0.195,0.272,5.202,8.073
5279998020706,0.192,0.267,5.071,8.044
5279999026460,0.189,0.261,4.907,8.016
5280000031557,0.182,0.255,4.848,7.988
5280001037541,0.183,0.25,4.786,7.959
5280002043477,0.185,0.249,4.508,7.931
5280003046695,0.188,0.26,4.465,7.903
5280004052514,0.188,0.256,4.234,7.875
5280005055313,0.188,0.252,4.015,7.846
5280006058261,0.188,0.248,4.037,7.818
5280007064220,0.185,0.245,3.846,7.79
5280008068989,0.182,0.241,3.842,7.762
5280009074006,0.181,0.237,3.688,7.733
5280010076281,0.177,0.233,3.545,7.705
5280011078136,0.176,0.232,3.441,7.68
5280012080863,0.173,0.23,3.463,7.656
5280013086214,0.17,0.229,3.503,7.631
5280014092189,0.171,0.228,3.541,7.607
5280015098530,0.172,0.227,3.565,7.582
5280016104680,0.174,0.229,3.477,7.558
5280017107839,0.174,0.228,3.491,7.533
5280018113818,0.176,0.235,3.503,7.509
5280019119714,0.174,0.235,3.522,7.484
5280020125705,0.174,0.234,3.557,7.46
5280021131969,0.174,0.234,3.592,7.435
5280022138660,0.176,0.234,3.51,7.41
5280023141119,0.173,0.234,3.415,7.386
5280024142862,0.171,0.234,3.325,7.361
5280025148135,0.171,0.234,3.258,7.337
5280026150602,0.169,0.234,3.188,7.312
5280027154937,0.17,0.233,3.202,7.288
5280028160249,0.169,0.233,3.139,7.263
5280029162752,0.168,0.233,3.067,7.239
5280030164580,0.168,0.233,3.193,7.705
5280031174852,0.168,0.232,3.225,7.68
5280032185740,0.172,0.236,3.257,7.656
5280033192472,0.174,0.236,3.312,7.631
5280034202026,0.174,0.235,3.408,7.684
5280035211497,0.175,0.235,3.489,7.678
5280036220500,0.175,0.235,3.57,7.673
5280037229890,0.174,0.235,3.577,7.668
5280038235608,0.174,0.235,3.586,7.662
5280039241273,0.175,0.235,3.602,7.657
5280040247578,0.173,0.234,3.614,7.652
5280041253601,0.175,0.248,3.716,7.942
5280042264858,0.174,0.247,3.794,7.986
5280043274667,0.173,0.245,3.855,7.965
5280044283496,0.174,0.244,3.861,7.945
5280045289820,0.174,0.243,3.822,7.924
5280046293839,0.175,0.241,3.844,7.903
5280047301128,0.175,0.24,3.856,7.883
5280048306961,0.175,0.239,3.855,7.862
5280049312247,0.174,0.237,3.85,7.842
5280050317770,0.179,0.263,3.845,7.821
5280051323813,0.178,0.261,3.847,7.816
5280052329705,0.179,0.262,3.928,8.191
5280053340916,0.18,0.261,3.939,8.17
5280054348106,0.18,0.261,3.949,8.15
5280055356998,0.18,0.26,3.945,8.129
5280056362650,0.179,0.26,3.947,8.109
5280057368151,0.178,0.259,3.943,8.088
5280058373005,0.178,0.259,3.951,8.068
5280059378845,0.178,0.258,3.95,8.047
5280060384217,0.177,0.258,3.945,8.027
5280061389327,0.177,0.257,3.95,8.006
5280062395403,0.177,0.257,3.955,7.986
5280063404115,0.175,0.257,3.952,7.965
5280064409608,0.175,0.256,3.954,7.945
5280065415511,0.176,0.256,3.962,7.924
5280066421999,0.176,0.255,3.986,7.903
5280067429840,0.176,0.255,3.984,7.883
5280068435404,0.176,0.254,3.996,7.862
5280069442551,0.176,0.254,4.035,7.842
5280070451733,0.177,0.253,4.033,7.821
5280071457686,0.177,0.252,4.068,7.816
5280072467399,0.177,0.251,4.071,7.81
5280073473230,0.178,0.251,4.077,7.804
5280074479893,0.178,0.25,4.109,7.798
5280075488692,0.177,0.249,4.132,7.792
5280076498501,0.177,0.248,4.143,7.786
5280077505267,0.177,0.247,4.136,7.781
5280078510182,0.177,0.246,4.174,7.775
5280079519731,0.177,0.245,4.206,7.769
5280080528562,0.176,0.245,4.206,7.763
5280081534322,0.176,0.244,4.209,7.757
5280082540578,0.175,0.243,4.209,7.752
5280083546409,0.175,0.242,4.211,7.746
5280084552686,0.175,0.241,4.187,7.74
5280085556691,0.177,0.256,4.224,7.781
5280086566420,0.177,0.255,4.226,7.779
5280087572606,0.177,0.255,4.264,7.847
5280088582886,0.177,0.254,4.299,7.839
5280089592698,0.177,0.254,4.327,7.83
5280090601701,0.177,0.253,4.322,7.821
5280091607856,0.178,0.252,4.356,7.819
5280092617694,0.179,0.253,4.38,7.818
5280093626576,0.179,0.253,4.407,7.816
5280094635460,0.179,0.253,4.404,7.814
5280095641307,0.178,0.253,4.399,7.812
5280096646840,0.179,0.26,4.392,7.81
5280097652746,0.18,0.259,4.387,7.809
5280098662323,0.179,0.259,4.387,7.807
5280099668574,0.179,0.258,4.384,7.805
5280100674732,0.179,0.258,4.381,7.803
5280101680762,0.18,0.27,4.375,7.801
5280102686807,0.181,0.27,4.405,7.799
5280103697431,0.18,0.269,4.396,7.798
5280104702598,0.18,0.268,4.393,7.796
5280105708736,0.181,0.267,4.388,7.794
5280106714678,0.181,0.266,4.384,7.792
5280107720619,0.181,0.265,4.388,7.79
5280108727052,0.181,0.264,4.39,7.788
5280109737262,0.182,0.264,4.39,7.787
5280110743698,0.183,0.28,4.395,7.785
5280111750838,0.183,0.279,4.397,7.784
5280112757653,0.183,0.278,4.394,7.783
5280113763609,0.184,0.277,4.391,7.782
5280114769733,0.184,0.276,4.387,7.782
5280115775726,0.184,0.275,4.384,7.781
5280116781716,0.185,0.291,4.364,7.78
5280117785574,0.185,0.29,4.362,7.779
5280118791589,0.185,0.29,4.355,7.778
5280119796813,0.185,0.289,4.374,7.777
5280120805721,0.185,0.288,4.355,7.776
5280121809770,0.186,0.287,4.328,7.776
5280122812659,0.186,0.286,4.325,7.775
5280123818705,0.186,0.285,4.344,7.774
5280124827590,0.187,0.285,4.341,7.773
5280125833567,0.187,0.284,4.34,7.772
5280126839695,0.187,0.283,4.359,7.771
5280127848511,0.187,0.282,4.357,7.771
5280128855597,0.188,0.281,4.354,7.77
5280129861298,0.187,0.28,4.355,7.769
5280130867418,0.188,0.28,4.382,7.785
5280131877826,0.188,0.279,4.399,7.784
5280132886724,0.188,0.278,4.395,7.783
5280133892622,0.188,0.277,4.393,7.782
5280134898551,0.188,0.276,4.39,7.782
5280135904717,0.189,0.275,4.407,7.781
5280136914425,0.189,0.275,4.406,7.78
5280137924327,0.189,0.274,4.393,7.779
5280138932259,0.189,0.273,4.372,7.778
5280139935107,0.188,0.272,4.347,7.777
5280140939969,0.189,0.271,4.328,7.776
5280141943053,0.188,0.27,4.304,7.776
5280142945227,0.188,0.27,4.281,7.775
5280143947666,0.188,0.269,4.28,7.774
5280144958272,0.188,0.268,4.282,7.773
5280145964453,0.188,0.267,4.261,7.772
5280146967647,0.187,0.266,4.279,7.771
5280147976504,0.187,0.265,4.287,7.771
5280148983953,0.188,0.264,4.289,7.77
5280149990362,0.188,0.264,4.289,7.769
5280150996281,0.188,0.263,4.29,7.768
5280152002451,0.187,0.263,4.268,7.768
5280153007023,0.187,0.263,4.245,7.767
5280154012092,0.187,0.262,4.226,7.766
5280155018049,0.186,0.262,4.223,7.766
5280156023291,0.186,0.262,4.207,7.765
5280157026244,0.186,0.262,4.227,7.764
5280158035225,0.185,0.262,4.223,7.764
5280159040424,0.185,0.262,4.202,7.763
5280160042952,0.185,0.262,4.182,7.762
5280161045218,0.184,0.262,4.162,7.762
5280162047496,0.184,0.262,4.142,7.761
5280163049987,0.184,0.262,4.14,7.761
5280164055833,0.185,0.262,4.12,7.76
5280165058783,0.186,0.268,4.14,7.759
5280166068706,0.187,0.284,4.141,7.759
5280167074633,0.186,0.283,4.14,7.758
5280168080420,0.186,0.282,4.141,7.757
5280169086207,0.186,0.281,4.16,7.757
5280170095599,0.186,0.28,4.16,7.756
5280171101076,0.186,0.28,4.157,7.756
5280172109782,0.186,0.279,4.156,7.753
5280173115627,0.186,0.278,4.156,7.75
5280174121531,0.185,0.277,4.173,7.748
5280175130560,0.185,0.276,4.184,7.745
5280176138688,0.185,0.275,4.184,7.743
5280177144457,0.185,0.275,4.166,7.74
5280178146729,0.185,0.274,4.168,7.738
5280179153359,0.185,0.273,4.164,7.735
5280180158586,0.185,0.272,4.164,7.733
5280181164800,0.185,0.287,4.182,7.749
5280182174491,0.185,0.286,4.183,7.749
5280183180579,0.185,0.286,4.203,7.761
5280184190560,0.185,0.285,4.209,7.76
5280185197662,0.185,0.284,4.207,7.759
5280186203527,0.185,0.283,4.228,7.772
5280187214507,0.185,0.283,4.227,7.771
5280188220812,0.186,0.288,4.229,7.771
5280189227234,0.185,0.288,4.226,7.77
5280190232552,0.185,0.287,4.231,7.769
5280191240146,0.185,0.287,4.247,7.768
5280192249620,0.185,0.286,4.246,7.768
5280193255721,0.185,0.286,4.245,7.767
5280194261612,0.185,0.286,4.229,7.766
5280195264290,0.185,0.285,4.23,7.766
5280196270735,0.185,0.285,4.228,7.765
5280197277565,0.185,0.285,4.237,7.764
5280198285719,0.186,0.292,4.239,7.764
5280199292427,0.186,0.291,4.229,7.763
5280200298036,0.186,0.291,4.213,7.762
5280201304169,0.186,0.291,4.195,7.762
5280202309107,0.186,0.29,4.178,7.761
5280203314118,0.185,0.29,4.162,7.761
5280204319041,0.185,0.289,4.161,7.76
5280205324026,0.184,0.289,4.159,7.759
5280206329141,0.184,0.289,4.161,7.759
5280207335822,0.185,0.295,4.163,7.758
5280208342714,0.185,0.295,4.162,7.757
5280209348605,0.185,0.295,4.18,7.77
5280210358575,0.186,0.295,4.179,7.769
5280211364889,0.186,0.294,4.181,7.768
5280212371449,0.186,0.294,4.181,7.768
5280213377588,0.186,0.294,4.186,7.767
5280214385040,0.186,0.293,4.183,7.766
5280215390525,0.186,0.293,4.183,7.766
5280216396727,0.186,0.293,4.182,7.765
5280217402681,0.186,0.292,4.184,7.764
5280218412257,0.186,0.292,4.185,7.764
5280219418593,0.186,0.295,4.184,7.763
5280220424678,0.186,0.295,4.183,7.762
5280221430705,0.186,0.295,4.195,7.762
5280222439471,0.186,0.295,4.185,7.761
5280223442837,0.186,0.295,4.184,7.761
5280224448139,0.186,0.295,4.186,7.76
5280225454212,0.185,0.295,4.183,7.759
5280226459199,0.185,0.295,4.185,7.759
5280227465553,0.185,0.295,4.185,7.758
5280228471414,0.185,0.295,4.189,7.757
5280229478235,0.185,0.295,4.19,7.757
5280230488146,0.185,0.295,4.192,7.756
5280231494538,0.185,0.294,4.193,7.756
5280232504025,0.185,0.294,4.208,7.768
5280233519875,0.185,0.296,4.206,7.767
5280234525834,0.185,0.296,4.204,7.766
5280235531422,0.185,0.296,4.205,7.766
5280236537954,0.186,0.296,4.218,7.765
5280237547703,0.186,0.296,4.217,7.764
5280238553170,0.186,0.296,4.218,7.764
5280239558869,0.186,0.295,4.233,7.778
5280240569014,0.186,0.295,4.23,7.777
5280241574359,0.186,0.295,4.231,7.776
5280242580696,0.186,0.295,4.229,7.776
5280243590467,0.186,0.295,4.229,7.775
5280244597568,0.186,0.295,4.218,7.774
5280245600927,0.186,0.295,4.216,7.773
5280246606691,0.186,0.295,4.215,7.772
5280247612455,0.186,0.295,4.211,7.771
5280248617755,0.186,0.295,4.21,7.771
5280249623775,0.186,0.295,4.22,7.77
5280250632804,0.186,0.295,4.219,7.769
5280251638643,0.186,0.294,4.218,7.768
5280252644816,0.186,0.294,4.216,7.768
5280253650370,0.186,0.294,4.213,7.767
5280254655794,0.186,0.293,4.224,7.766
5280255664438,0.186,0.293,4.224,7.766
5280256670637,0.185,0.293,4.224,7.765
5280257679257,0.185,0.292,4.221,7.764
5280258684510,0.185,0.292,4.218,7.764
5280259692760,0.185,0.291,4.228,7.763
5280260701410,0.184,0.291,4.229,7.762
5280261707643,0.185,0.291,4.228,7.762
5280262713819,0.185,0.29,4.226,7.761
5280263719579,0.185,0.29,4.216,7.761
5280264723268,0.185,0.289,4.217,7.76
5280265729726,0.185,0.289,4.216,7.759
5280266735581,0.185,0.289,4.216,7.759
5280267741786,0.185,0.288,4.218,7.758
5280268749173,0.185,0.288,4.206,7.757
5280269752096,0.185,0.288,4.194,7.757
5280270754974,0.185,0.287,4.192,7.756
5280271760408,0.185,0.287,4.18,7.756
5280272762753,0.185,0.286,4.179,7.755
5280273768386,0.184,0.286,4.169,7.754
5280274771564,0.184,0.286,4.17,7.754
5280275778135,0.184,0.285,4.171,7.753
5280276784787,0.185,0.285,4.17,7.752
5280277790693,0.185,0.285,4.171,7.752
5280278797015,0.185,0.284,4.172,7.751
5280279803490,0.185,0.284,4.162,7.75
5280280810395,0.185,0.284,4.163,7.75
5280281816612,0.185,0.283,4.172,7.749
5280282825596,0.185,0.283,4.172,7.749
5280283831639,0.185,0.283,4.181,7.748
5280284841694,0.185,0.282,4.18,7.747
5280285847740,0.186,0.289,4.182,7.747
5280286855056,0.185,0.289,4.176,7.746
5280287859214,0.185,0.288,4.177,7.745
5280288865664,0.185,0.288,4.177,7.745
5280289871070,0.185,0.288,4.179,7.744
5280290877298,0.185,0.287,4.179,7.744
5280291883360,0.185,0.287,4.168,7.743
5280292885345,0.185,0.286,4.165,7.741
5280293890526,0.185,0.286,4.166,7.739
5280294897390,0.185,0.286,4.157,7.737
5280295903267,0.185,0.285,4.148,7.735
5280296906647,0.185,0.285,4.148,7.733
5280297913261,0.185,0.285,4.143,7.732
5280298917991,0.185,0.284,4.141,7.73
5280299923923,0.185,0.284,4.143,7.728
5280300930076,0.185,0.284,4.131,7.726
5280301934844,0.185,0.291,4.121,7.724
5280302937505,0.185,0.29,4.11,7.722
5280303939883,0.185,0.29,4.112,7.72
5280304946876,0.185,0.289,4.111,7.718
5280305952349,0.185,0.289,4.112,7.716
5280306958357,0.185,0.289,4.113,7.714
5280307964577,0.185,0.288,4.113,7.713
5280308970771,0.185,0.288,4.112,7.711
5280309976838,0.186,0.288,4.111,7.709
5280310982895,0.186,0.287,4.112,7.707
5280311989373,0.186,0.287,4.113,7.705
5280312995238,0.186,0.286,4.103,7.704
5280313997894,0.186,0.286,4.103,7.702
5280315003401,0.186,0.286,4.104,7.701
5280316009399,0.186,0.285,4.105,7.699
5280317015041,0.185,0.285,4.107,7.698
5280318021616,0.185,0.285,4.109,7.696
5280319028417,0.185,0.284,4.109,7.695
5280320034191,0.185,0.284,4.108,7.694
5280321039467,0.185,0.284,4.099,7.692
5280322042535,0.185,0.283,4.108,7.691
5280323051692,0.185,0.283,4.117,7.689
5280324069073,0.185,0.283,4.118,7.688
5280325075458,0.185,0.282,4.119,7.687
5280326081573,0.185,0.282,4.122,7.685
5280327091205,0.185,0.281,4.124,7.684
5280328098012,0.185,0.281,4.127,7.682
5280329108051,0.185,0.281,4.138,7.711
5280330117677,0.185,0.28,4.14,7.709
5280331124558,0.185,0.28,4.14,7.707
5280332130693,0.185,0.282,4.151,7.743
5280333140336,0.185,0.281,4.152,7.741
5280334146239,0.185,0.281,4.149,7.739
5280335151206,0.185,0.281,4.139,7.737
5280336153558,0.185,0.281,4.139,7.735
5280337159634,0.185,0.281,4.139,7.733
5280338165744,0.186,0.285,4.14,7.732
5280339172598,0.186,0.285,4.14,7.73
5280340178917,0.186,0.29,4.141,7.728
5280341185728,0.186,0.29,4.14,7.726
5280342191826,0.186,0.29,4.139,7.724
5280343197822,0.186,0.289,4.139,7.722
5280344203635,0.186,0.289,4.138,7.72
5280345209762,0.186,0.289,4.139,7.718
5280346216261,0.186,0.289,4.14,7.716
5280347222646,0.186,0.288,4.143,7.714
5280348233013,0.186,0.288,4.141,7.713
5280349238370,0.186,0.288,4.142,7.711
5280350244726,0.186,0.287,4.141,7.709
5280351250545,0.187,0.287,4.141,7.707
5280352257226,0.187,0.287,4.142,7.705
5280353263645,0.187,0.287,4.141,7.704
5280354269774,0.187,0.286,4.132,7.702
5280355272602,0.187,0.286,4.132,7.701
5280356278478,0.187,0.286,4.132,7.699
5280357284615,0.187,0.286,4.132,7.698
5280358290802,0.187,0.285,4.124,7.696
5280359294286,0.187,0.285,4.124,7.695
5280360300769,0.188,0.285,4.126,7.694
5280361307788,0.188,0.284,4.126,7.692
5280362313584,0.188,0.284,4.134,7.691
5280363322815,0.188,0.284,4.133,7.689
5280364332461,0.188,0.284,4.133,7.688
5280365338608,0.188,0.283,4.132,7.687
5280366344690,0.188,0.283,4.132,7.685
5280367350670,0.188,0.283,4.14,7.684
5280368359541,0.188,0.283,4.14,7.682
5280369365542,0.188,0.282,4.13,7.681
5280370367836,0.188,0.282,4.131,7.679
5280371374093,0.188,0.282,4.141,7.705
5280372383573,0.188,0.282,4.148,7.704
5280373392512,0.188,0.281,4.148,7.703
5280374398566,0.188,0.281,4.156,7.702
5280375407590,0.188,0.281,4.157,7.7
5280376413625,0.188,0.281,4.158,7.699
5280377419878,0.188,0.281,4.164,7.698
5280378428198,0.188,0.281,4.173,7.696
5280379437494,0.188,0.281,4.173,7.695
5280380443398,0.188,0.281,4.174,7.693
5280381450350,0.188,0.281,4.175,7.692
5280382456773,0.188,0.281,4.182,7.691
5280383465554,0.188,0.281,4.183,7.689
5280384472357,0.188,0.28,4.18,7.688
5280385477174,0.188,0.28,4.181,7.686
5280386483921,0.188,0.28,4.182,7.685
5280387490540,0.188,0.28,4.188,7.684
5280388498870,0.188,0.283,4.188,7.682
5280389505531,0.188,0.282,4.188,7.681
5280390515415,0.188,0.282,4.188,7.679
5280391521593,0.188,0.282,4.196,7.678
5280392530992,0.188,0.282,4.197,7.677
5280393537576,0.188,0.281,4.198,7.676
5280394544081,0.188,0.281,4.196,7.676
5280395549649,0.188,0.281,4.195,7.676
5280396555240,0.188,0.281,4.194,7.676
5280397560265,0.188,0.281,4.192,7.676
5280398565731,0.188,0.281,4.191,7.676
5280399571660,0.188,0.281,4.198,7.675
5280400580666,0.188,0.281,4.197,7.675
5280401586637,0.188,0.281,4.204,7.675
5280402595544,0.188,0.281,4.205,7.675
5280403602281,0.188,0.281,4.213,7.675
5280404611588,0.188,0.28,4.212,7.675
5280405617777,0.189,0.283,4.214,7.674
5280406625021,0.189,0.283,4.213,7.674
5280407630336,0.189,0.283,4.213,7.674
5280408636428,0.188,0.283,4.211,7.674
5280409641027,0.189,0.282,4.209,7.674
5280410646773,0.189,0.287,4.21,7.674
5280411656272,0.189,0.287,4.221,7.678
5280412666869,0.189,0.287,4.222,7.677
5280413673301,0.189,0.287,4.222,7.676
5280414679842,0.189,0.286,4.23,7.702
5280415689654,0.189,0.286,4.23,7.7
5280416695751,0.189,0.286,4.229,7.699
5280417701859,0.189,0.286,4.235,7.698
5280418710600,0.189,0.285,4.242,7.696
5280419719659,0.189,0.285,4.25,7.705
5280420729744,0.189,0.285,4.259,7.706
5280421739710,0.189,0.284,4.258,7.706
5280422745494,0.189,0.284,4.258,7.706
5280423751485,0.189,0.284,4.258,7.706
5280424757615,0.189,0.284,4.258,7.705
5280425763517,0.189,0.283,4.257,7.705
5280426769533,0.189,0.283,4.257,7.705
5280427775526,0.189,0.283,4.257,7.705
5280428781705,0.189,0.283,4.25,7.705
5280429785013,0.189,0.282,4.25,7.705
5280430791505,0.189,0.282,4.25,7.705
5280431797563,0.189,0.282,4.251,7.705
5280432803964,0.189,0.282,4.258,7.705
5280433813717,0.189,0.281,4.264,7.705
5280434824232,0.189,0.281,4.271,7.705
5280435833528,0.189,0.281,4.273,7.705
5280436844089,0.189,0.281,4.276,7.705
5280437853542,0.189,0.281,4.278,7.705
5280438860776,0.189,0.281,4.277,7.705
5280439866811,0.189,0.281,4.269,7.705
5280440870159,0.189,0.281,4.267,7.705
5280441875697,0.189,0.281,4.267,7.705
5280442881585,0.189,0.281,4.268,7.705
5280443888755,0.189,0.284,4.269,7.705
5280444895501,0.189,0.284,4.271,7.705
5280445902737,0.189,0.283,4.27,7.705
5280446908597,0.189,0.283,4.27,7.705
5280447917897,0.189,0.283,4.269,7.705
5280448923653,0.189,0.283,4.266,7.705
5280449928824,0.189,0.282,4.265,7.705
5280450934637,0.189,0.282,4.271,7.705
5280451943729,0.189,0.282,4.266,7.705
5280452949173,0.189,0.282,4.264,7.704
5280453954381,0.189,0.281,4.271,7.703
5280454963511,0.189,0.281,4.28,7.705
5280455974031,0.189,0.281,4.278,7.705
5280456979252,0.189,0.281,4.279,7.705
5280457985340,0.189,0.281,4.279,7.705
5280458991362,0.189,0.281,4.279,7.705
5280459997698,0.189,0.281,4.279,7.705
5280461003343,0.189,0.281,4.279,7.705
5280462009664,0.189,0.281,4.278,7.705
5280463015776,0.189,0.281,4.277,7.705
5280464021399,0.189,0.281,4.284,7.705
5280465030663,0.189,0.282,4.292,7.705
5280466040626,0.189,0.282,4.291,7.705
5280467046472,0.189,0.282,4.291,7.705
5280468052411,0.189,0.282,4.302,7.715
5280469063707,0.189,0.283,4.309,7.714
5280470073537,0.189,0.283,4.309,7.712
5280471079306,0.189,0.283,4.309,7.71
5280472085582,0.189,0.282,4.301,7.708
5280473091227,0.189,0.282,4.303,7.706
5280474098089,0.189,0.282,4.303,7.706
5280475104281,0.189,0.282,4.303,7.706
5280476110648,0.189,0.282,4.302,7.706
5280477116854,0.189,0.282,4.303,7.706
5280478123143,0.189,0.282,4.31,7.706
5280479133292,0.189,0.282,4.304,7.706
5280480136458,0.189,0.282,4.297,7.706
5280481141020,0.189,0.282,4.296,7.706
5280482146210,0.189,0.282,4.296,7.706
5280483152008,0.189,0.282,4.303,7.725
5280484161722,0.189,0.282,4.302,7.723
5280485167749,0.189,0.284,4.301,7.721
5280486173359,0.189,0.284,4.301,7.719
5280487179508,0.189,0.283,4.301,7.717
5280488185627,0.189,0.283,4.296,7.715
5280489188909,0.189,0.283,4.294,7.714
5280490194564,0.189,0.283,4.294,7.712
5280491200721,0.189,0.283,4.295,7.71
5280492207651,0.189,0.282,4.295,7.708
5280493213456,0.189,0.282,4.295,7.706
5280494219468,0.189,0.282,4.301,7.706
5280495228650,0.189,0.282,4.306,7.706
5280496237591,0.189,0.282,4.306,7.706
5280497243635,0.189,0.282,4.306,7.706
