frame_id,t_rx_us,uplink_latency_ms,path
0,1777640003609200,26.062,0
1,1777640003664562,33.933,0
2,1777640003739442,27.483,0
3,1777640003799194,29.895,0
4,1777640003834109,32.597,0
5,1777640003899349,29.579,0
6,1777640003926203,39.715,1
7,1777640004004424,24.562,0
8,1777640004044280,21.728,0
9,1777640004114566,14.400,0
10,1777640004138901,27.215,0
11,1777640004189292,39.920,1
# epoch,5455395517026,1.0000,1.0000,10,10,2,2,4.804,0.000,2.402,0.000,0.002,37.2840778,127.0439867,5
12,1777640004239077,27.376,0
13,1777640004304350,24.664,0
# epoch,5455395624093,1.0000,1.0000,12,12,2,2,4.804,0.000,2.402,0.000,0.002,37.2840778,127.0439867,5
14,1777640004344746,21.738,0
15,1777640004404524,24.429,0
# epoch,5455395724203,1.0000,1.0000,14,14,2,2,4.804,0.000,2.402,0.000,0.002,37.2840778,127.0439867,5
16,1777640004444411,21.905,0
17,1777640004495917,33.114,0
# epoch,5455395824317,1.0000,1.0000,16,16,2,2,4.804,0.000,2.402,0.000,0.002,37.2840778,127.0439867,5
18,1777640004539075,26.564,0
19,1777640004604881,27.202,0
# epoch,5455395924422,1.0000,1.0000,18,18,2,2,4.804,0.000,2.402,0.000,0.002,37.2840778,127.0439867,5
20,1777640004639289,25.760,0
21,1777640004694646,36.342,0
# epoch,5455396024518,1.0000,1.0000,20,20,2,2,4.804,0.000,2.402,0.000,0.002,37.2840778,127.0439867,5
22,1777640004738955,26.067,0
23,1777640004794233,36.001,0
# epoch,5455396124627,1.0000,1.0000,22,22,2,2,4.804,0.000,2.402,0.000,0.002,37.2840778,127.0439867,5
24,1777640004839569,25.566,0
25,1777640004905972,23.825,0
# epoch,5455396224738,1.0000,1.0000,24,24,2,2,4.804,0.000,2.402,0.000,0.002,37.2840778,127.0439867,5
26,1777640004934230,31.308,0
27,1777640005009024,21.594,0
# epoch,5455396324843,1.0000,1.0000,26,26,2,2,4.804,0.000,2.402,0.000,0.002,37.2840778,127.0439867,5
28,1777640005034521,30.472,0
29,1777640005104205,26.387,0
# epoch,5455396424964,1.0000,1.0000,28,28,2,2,4.804,0.000,2.402,0.000,0.000,37.2840778,127.0439869,5
30,1777640005134646,30.387,0
31,1777640005204442,25.997,0
# epoch,5455396525538,1.0000,1.0000,30,30,2,2,4.804,0.000,2.402,0.000,0.000,37.2840778,127.0439869,5
32,1777640005239344,26.270,0
33,1777640005304191,26.018,0
34,1777640005334085,31.492,0
# epoch,5455396633031,1.0000,1.0000,33,33,2,2,4.804,0.000,2.402,0.000,0.000,37.2840778,127.0439869,5
35,1777640005419780,10.750,0
36,1777640005434216,30.826,0
# epoch,5455396733145,1.0000,1.0000,35,35,2,2,4.804,0.000,2.402,0.000,0.000,37.2840778,127.0439869,5
37,1777640005511664,18.644,0
38,1777640005534410,31.577,0
# epoch,5455396833261,1.0000,1.0000,37,37,2,2,4.804,0.000,2.402,0.000,0.000,37.2840778,127.0439869,5
39,1777640005604091,25.519,0
40,1777640005634552,30.842,0
# epoch,5455396933374,1.0000,1.0000,39,39,2,2,4.804,0.000,2.402,0.000,0.000,37.2840778,127.0439869,5
41,1777640005699284,29.772,0
42,1777640005734183,31.047,0
# epoch,5455397033479,1.0000,1.0000,41,41,2,2,4.804,0.000,2.402,0.000,0.000,37.2840778,127.0439869,5
43,1777640005799641,29.388,0
44,1777640005829549,35.487,0
# epoch,5455397133582,1.0000,1.0000,43,43,2,2,4.804,0.000,2.402,0.000,0.000,37.2840778,127.0439869,5
45,1777640005894283,34.729,0
# epoch,5455397233698,1.0000,1.0000,44,44,2,2,4.804,0.000,2.402,0.000,0.000,37.2840778,127.0439869,5
46,1777640005939094,25.949,0
47,1777640005988830,40.213,1
# epoch,5455397333814,1.0000,1.0000,45,45,3,3,4.804,0.000,2.402,0.000,0.000,37.2840778,127.0439869,5
48,1777640006039858,25.229,0
49,1777640006099199,29.931,0
50,1777640006129112,36.074,0
# epoch,5455397433932,1.0000,1.0000,48,48,3,3,4.804,0.000,2.402,0.000,0.006,37.2840777,127.0439871,5
51,1777640006204313,24.820,0
52,1777640006234186,31.118,0
# epoch,5455397534049,1.0000,1.0000,50,50,3,3,4.804,0.000,2.402,0.000,0.006,37.2840777,127.0439871,5
53,1777640006288671,40.468,1
54,1777640006339459,25.687,0
# epoch,5455397641421,1.0000,1.0000,51,51,4,4,4.804,0.000,2.402,0.000,0.006,37.2840777,127.0439871,5
55,1777640006399741,29.430,0
56,1777640006430171,35.048,0
# epoch,5455397741536,1.0000,1.0000,53,53,4,4,4.804,0.000,2.402,0.000,0.006,37.2840777,127.0439871,5
57,1777640006488776,40.339,1
58,1777640006534091,31.105,0
# epoch,5455397841650,1.0000,1.0000,54,54,5,5,4.804,0.000,2.402,0.000,0.006,37.2840777,127.0439871,5
59,1777640006588728,40.415,1
60,1777640006639215,26.151,0
# epoch,5455397941771,1.0000,1.0000,55,55,6,6,4.804,0.000,2.402,0.000,0.006,37.2840777,127.0439871,5
61,1777640006704514,24.662,0
62,1777640006725682,39.696,1
# epoch,5455398041887,1.0000,1.0000,56,56,7,7,4.804,0.000,2.402,0.000,0.006,37.2840777,127.0439871,5
63,1777640006804637,26.389,0
64,1777640006840427,24.954,0
# epoch,5455398141999,1.0000,1.0000,58,58,7,7,4.804,0.000,2.402,0.000,0.006,37.2840777,127.0439871,5
65,1777640006899096,31.295,0
66,1777640006933998,31.518,0
# epoch,5455398242119,1.0000,1.0000,60,60,7,7,4.804,0.000,2.402,0.000,0.006,37.2840777,127.0439871,5
67,1777640007004227,25.570,0
68,1777640007034168,31.199,0
# epoch,5455398342235,1.0000,1.0000,62,62,7,7,4.804,0.000,2.402,0.000,0.006,37.2840777,127.0439871,5
69,1777640007099444,30.936,0
70,1777640007134326,31.009,0
# epoch,5455398442351,1.0000,1.0000,64,64,7,7,4.804,0.000,2.402,0.000,0.003,37.2840778,127.0439873,5
71,1777640007209549,22.180,0
72,1777640007228968,36.290,0
# epoch,5455398542468,1.0000,1.0000,66,66,7,7,4.804,0.000,2.402,0.000,0.003,37.2840778,127.0439873,5
73,1777640007309671,20.021,0
74,1777640007344198,21.151,0
# epoch,5455398649969,1.0000,1.0000,68,68,7,7,4.804,0.000,2.402,0.000,0.003,37.2840778,127.0439873,5
75,1777640007399130,31.817,0
76,1777640007434552,30.826,0
# epoch,5455398750059,1.0000,1.0000,70,70,7,7,4.804,0.000,2.402,0.000,0.003,37.2840778,127.0439873,5
77,1777640007494333,35.868,0
78,1777640007534214,31.191,0
# epoch,5455398850184,1.0000,1.0000,72,72,7,7,4.804,0.000,2.402,0.000,0.003,37.2840778,127.0439873,5
79,1777640007605013,25.474,0
80,1777640007644293,20.967,0
# epoch,5455398950306,1.0000,1.0000,74,74,7,7,4.804,0.000,2.402,0.000,0.003,37.2840778,127.0439873,5
81,1777640007704064,26.268,0
82,1777640007739456,25.990,0
# epoch,5455399050428,1.0000,1.0000,76,76,7,7,4.804,0.000,2.402,0.000,0.003,37.2840778,127.0439873,5
83,1777640007809361,22.568,0
84,1777640007839279,27.227,0
# epoch,5455399150548,1.0000,1.0000,78,78,7,7,4.804,0.000,2.402,0.000,0.003,37.2840778,127.0439873,5
85,1777640007894170,35.749,0
86,1777640007939530,29.223,0
# epoch,5455399250667,1.0000,1.0000,80,80,7,7,4.804,0.000,2.402,0.000,0.003,37.2840778,127.0439873,5
87,1777640007999276,30.787,0
88,1777640008027625,38.494,1
# epoch,5455399350785,1.0000,1.0000,81,81,8,8,4.804,0.000,2.402,0.000,0.003,37.2840778,127.0439873,5
89,1777640008109314,21.008,0
90,1777640008139210,26.940,0
# epoch,5455399450904,1.0000,1.0000,83,83,8,8,4.804,0.000,2.402,0.000,0.001,37.2840778,127.0439874,5
91,1777640008198965,31.705,0
92,1777640008226158,40.108,1
# epoch,5455399551024,1.0000,1.0000,84,84,9,9,4.804,0.000,2.402,0.000,0.001,37.2840778,127.0439874,5
93,1777640008299077,30.238,0
94,1777640008339992,26.279,0
# epoch,5455399658278,1.0000,1.0000,86,86,9,9,4.804,0.000,2.402,0.000,0.001,37.2840778,127.0439874,5
95,1777640008409282,20.094,0
96,1777640008444173,22.101,0
# epoch,5455399758399,1.0000,1.0000,88,88,9,9,4.804,0.000,2.402,0.000,0.001,37.2840778,127.0439874,5
# epoch,5455399858523,1.0000,1.0000,88,88,9,9,4.804,0.000,2.402,0.000,0.001,37.2840778,127.0439874,5
# epoch,5455399958635,1.0000,1.0000,87,87,9,9,4.804,0.000,2.402,0.000,0.001,37.2840778,127.0439874,5
# epoch,5455400058747,1.0000,1.0000,86,86,9,9,4.804,0.000,2.402,0.000,0.001,37.2840778,127.0439874,5
# epoch,5455400158872,1.0000,1.0000,84,84,9,9,4.804,0.000,2.402,0.000,0.001,37.2840778,127.0439874,5
# epoch,5455400258991,1.0000,1.0000,82,82,9,9,4.804,0.000,2.402,0.000,0.001,37.2840778,127.0439874,5
# epoch,5455400359168,1.0000,1.0000,81,81,8,8,4.804,0.000,2.402,0.000,0.001,37.2840778,127.0439874,5
# epoch,5455400459262,1.0000,1.0000,79,79,8,8,4.804,0.000,2.402,0.000,0.001,37.2840778,127.0439874,5
# epoch,5455400559361,1.0000,1.0000,78,78,7,7,4.804,0.000,2.402,0.000,0.001,37.2840778,127.0439874,5
# epoch,5455400666729,1.0000,1.0000,75,75,7,7,4.804,0.000,2.402,0.000,0.001,37.2840778,127.0439874,5
# epoch,5455400766871,1.0000,1.0000,73,73,7,7,4.804,0.000,2.402,0.000,0.001,37.2840778,127.0439874,5
# epoch,5455400867010,1.0000,1.0000,71,71,7,7,4.804,0.000,2.402,0.000,0.001,37.2840778,127.0439874,5
# epoch,5455400967147,1.0000,1.0000,69,69,7,7,4.804,0.000,2.402,0.000,0.001,37.2840778,127.0439874,5
# epoch,5455401067261,1.0000,1.0000,67,67,7,7,4.804,0.000,2.402,0.000,0.001,37.2840778,127.0439874,5
# epoch,5455401167357,1.0000,1.0000,65,65,7,7,4.804,0.000,2.402,0.000,0.001,37.2840778,127.0439874,5
# epoch,5455401267452,1.0000,1.0000,63,63,7,7,4.804,0.000,2.402,0.000,0.001,37.2840778,127.0439874,5
# epoch,5455401367546,1.0000,1.0000,61,61,7,7,4.804,0.000,2.402,0.000,0.001,37.2840778,127.0439874,5
# epoch,5455401467631,1.0000,1.0000,59,59,7,7,4.804,0.000,2.402,0.000,0.001,37.2840778,127.0439874,5
# epoch,5455401567751,1.0000,1.0000,57,57,7,7,4.804,0.000,2.402,0.000,0.001,37.2840778,127.0439874,5
# epoch,5455401675190,1.0000,1.0000,55,55,7,7,4.804,0.000,2.402,0.000,0.001,37.2840778,127.0439874,5
# epoch,5455401775262,1.0000,1.0000,53,53,7,7,4.804,0.000,2.402,0.000,0.001,37.2840778,127.0439874,5
# epoch,5455401875326,1.0000,1.0000,51,51,7,7,4.804,0.000,2.402,0.000,0.001,37.2840778,127.0439874,5
# epoch,5455401975393,1.0000,1.0000,49,49,7,7,4.804,0.000,2.402,0.000,0.001,37.2840778,127.0439874,5
# epoch,5455402075457,1.0000,1.0000,47,47,7,7,4.804,0.000,2.402,0.000,0.001,37.2840778,127.0439874,5
# epoch,5455402175526,1.0000,1.0000,45,45,7,7,4.804,0.000,2.402,0.000,0.001,37.2840778,127.0439874,5
# epoch,5455402275619,1.0000,1.0000,43,43,7,7,4.804,0.000,2.402,0.000,0.001,37.2840778,127.0439874,5
# epoch,5455402375710,1.0000,1.0000,42,42,6,6,4.804,0.000,2.402,0.000,0.001,37.2840778,127.0439874,5
# epoch,5455402475803,1.0000,1.0000,40,40,6,6,4.804,0.000,2.402,0.000,0.001,37.2840778,127.0439874,5
# epoch,5455402575897,1.0000,1.0000,38,38,6,6,4.804,0.000,2.402,0.000,0.001,37.2840778,127.0439874,5
# epoch,5455402683207,1.0000,1.0000,37,37,5,5,4.804,0.000,2.402,0.000,0.001,37.2840778,127.0439874,5
# epoch,5455402783301,1.0000,1.0000,35,35,5,5,4.804,0.000,2.402,0.000,0.001,37.2840778,127.0439874,5
# epoch,5455402883410,1.0000,1.0000,34,34,4,4,4.804,0.000,2.402,0.000,0.001,37.2840778,127.0439874,5
# epoch,5455402983518,1.0000,1.0000,33,33,3,3,4.804,0.000,2.402,0.000,0.001,37.2840778,127.0439874,5
# epoch,5455403083609,1.0000,1.0000,32,32,2,2,4.804,0.000,2.402,0.000,0.001,37.2840778,127.0439874,5
# epoch,5455403183706,1.0000,1.0000,30,30,2,2,4.804,0.000,2.402,0.000,0.001,37.2840778,127.0439874,5
# epoch,5455403283797,1.0000,1.0000,28,28,2,2,4.804,0.000,2.402,0.000,0.001,37.2840778,127.0439874,5
# epoch,5455403383888,1.0000,1.0000,26,26,2,2,4.804,0.000,2.402,0.000,0.001,37.2840778,127.0439874,5
# epoch,5455403483978,1.0000,1.0000,24,24,2,2,4.804,0.000,2.402,0.000,0.001,37.2840778,127.0439874,5
