epoch_ts,uu_mean_ms,uu_p95_ms,pc5_mean_ms,pc5_p95_ms
5279989964816,73.072,98.944,61.976,63.097
5279990974393,46.08,98.718,61.976,63.097
5279991984582,37.165,90.151,61.976,63.097
5279992993362,33.284,85.762,32.645,63.097
5279993999585,30.771,81.676,26.391,63.097
5279995005445,21.342,40.285,2.668,3.969
5279996012398,22.126,45.199,2.56,3.969
5279997018431,22.981,48.547,3.246,7.322
5279998020706,21.756,48.547,3.218,7.322
5279999026460,21.067,49.306,3.679,7.322
5280000031557,20.054,49.541,9.006,20.592
5280001037541,18.907,49.541,10.609,20.592
5280002043477,18.394,49.306,9.493,20.592
5280003046695,19.115,49.306,9.493,20.592
5280004052514,19.241,44.315,8.167,20.592
5280005055313,19.321,38.153,2.445,3.802
5280006058261,18.082,34.925,2.208,3.227
5280007064220,16.534,31.13,2.09,3.227
5280008068989,16.261,29.133,2.045,3.227
5280009074006,15.65,27.467,2.054,3.227
5280010076281,15.958,27.467,1.757,2.383
5280011078136,16.218,27.467,1.915,2.727
5280012080863,18.116,29.133,9.294,53.055
5280013086214,17.463,27.467,10.539,53.055
5280014092189,17.135,25.573,10.536,53.055
5280015098530,16.783,26.26,10.747,53.055
5280016104680,15.498,21.106,9.379,53.055
5280017107839,15.32,22.797,2.223,3.033
5280018113818,15.574,23.312,2.187,3.033
5280019119714,15.81,26.26,2.264,3.033
5280020125705,17.453,30.681,2.257,3.033
5280021131969,17.464,30.681,2.361,3.033
5280022138660,17.343,30.681,2.085,2.667
5280023141119,17.54,30.989,2.109,2.667
5280024142862,16.398,30.681,2.058,2.667
5280025148135,16.204,25.874,1.94,2.546
5280026150602,16.286,29.678,1.94,2.546
5280027154937,16.191,25.773,2.078,2.546
5280028160249,15.861,23.783,2.119,2.546
5280029162752,16.301,23.783,2.0,2.546
5280030164580,16.099,23.783,1.932,2.357
5280031174852,15.923,27.741,1.928,2.357
5280032185740,18.323,38.028,1.95,2.357
5280033192472,18.414,38.028,1.97,2.707
5280034202026,22.1,58.436,2.089,2.707
5280035211497,28.615,92.544,2.468,5.437
5280036220500,28.259,92.544,2.851,5.976
5280037229890,26.204,92.544,3.162,5.976
5280038235608,25.918,92.544,3.238,5.976
5280039241273,19.319,41.993,3.056,5.976
5280040247578,17.02,35.642,2.873,5.976
5280041253601,18.479,42.198,13.46,58.792
5280042264858,18.95,42.991,10.61,58.792
5280043274667,21.298,46.223,8.971,58.792
5280044283496,22.081,46.614,9.835,58.792
5280045289820,21.442,46.223,10.632,58.792
5280046293839,20.195,46.223,4.078,13.222
5280047301128,20.008,46.223,2.297,2.879
5280048306961,17.671,36.343,4.318,8.182
5280049312247,17.489,36.369,5.45,8.182
5280050317770,16.802,33.969,5.45,8.182
5280051323813,16.852,33.969,5.45,8.182
5280052329705,16.992,31.996,7.252,10.855
5280053340916,18.817,41.223,10.855,10.855
5280054348106,20.39,49.2,5.312,10.855
5280055356998,22.876,55.959,4.638,10.855
5280056362650,24.165,58.414,4.638,10.855
5280057368151,26.173,65.868,4.105,10.28
5280058373005,25.141,61.309,3.738,10.28
5280059378845,22.619,58.414,3.969,10.28
5280060384217,20.344,49.124,3.325,10.28
5280061389327,18.172,38.073,3.325,10.28
5280062395403,15.755,22.781,2.118,2.8
5280063404115,15.261,21.697,2.149,2.8
5280064409608,15.321,22.781,2.217,2.8
5280065415511,15.665,24.248,2.287,2.8
5280066421999,15.815,24.248,2.244,2.8
5280067429840,15.304,22.269,2.253,2.48
5280068435404,15.387,22.269,2.213,2.48
5280069442551,15.735,22.402,2.166,2.48
5280070451733,15.729,22.402,2.121,2.379
5280071457686,15.812,23.704,2.156,2.454
5280072467399,16.226,23.717,2.087,2.612
5280073473230,15.702,23.717,2.042,2.612
5280074479893,15.684,26.72,2.072,2.612
5280075488692,15.173,23.717,2.159,2.773
5280076498501,15.326,24.118,2.426,4.425
5280077505267,14.931,24.118,2.699,4.425
5280078510182,15.545,25.675,7.363,48.633
5280079519731,15.348,23.246,6.815,48.633
5280080528562,15.538,24.118,6.798,48.633
5280081534322,15.443,24.11,6.225,48.633
5280082540578,15.51,22.389,6.569,48.633
5280083546409,15.122,22.22,2.293,2.623
5280084552686,15.558,24.11,2.408,2.623
5280085556691,15.526,23.193,2.311,2.623
5280086566420,15.498,23.193,2.314,2.623
5280087572606,15.592,29.271,2.113,2.516
5280088582886,16.267,36.448,1.924,1.949
5280089592698,15.95,26.428,1.924,1.949
5280090601701,17.711,41.11,2.062,2.327
5280091607856,18.746,41.568,2.244,2.788
5280092617694,22.782,54.369,9.331,44.323
5280093626576,23.52,54.369,9.443,44.323
5280094635460,23.981,54.369,9.443,44.323
5280095641307,23.589,49.68,9.387,44.323
5280096646840,23.265,49.328,9.277,44.323
5280097652746,19.639,36.483,6.785,16.238
5280098662323,18.781,34.204,6.785,16.238
5280099668574,18.542,34.204,5.659,16.238
5280100674732,18.832,34.204,6.882,16.238
5280101680762,19.797,41.277,6.771,16.238
5280102686807,21.794,49.058,2.065,2.282
5280103697431,22.024,53.743,2.209,2.905
5280104702598,24.956,56.124,2.191,2.905
5280105708736,25.29,61.132,2.357,3.021
5280106714678,24.265,56.124,2.591,3.021
5280107720619,23.075,55.906,2.853,3.427
5280108727052,21.96,54.263,9.959,37.889
5280109737262,18.549,39.612,7.896,37.889
5280110743698,17.437,33.111,8.708,37.889
5280111750838,17.884,33.812,8.706,37.889
5280112757653,16.925,29.345,7.381,37.889
5280113763609,17.242,29.345,3.111,4.746
5280114769733,18.593,35.758,3.172,4.746
5280115775726,19.228,35.758,3.172,4.746
5280116781716,18.909,35.758,2.79,4.746
5280117785574,19.29,35.758,2.44,2.86
5280118791589,19.666,39.113,2.403,2.86
5280119796813,17.962,35.163,2.446,3.189
5280120805721,17.5,30.097,2.532,3.189
5280121809770,16.352,28.832,2.64,3.189
5280122812659,16.277,28.832,2.625,3.189
5280123818705,15.827,23.647,2.602,2.843
5280124827590,17.636,26.186,2.771,3.07
5280125833567,17.57,29.537,2.786,3.07
5280126839695,18.019,29.537,2.779,3.07
5280127848511,17.805,25.251,2.773,3.197
5280128855597,17.638,25.251,2.69,3.197
5280129861298,16.086,23.842,4.429,15.02
5280130867418,15.977,23.329,4.466,15.02
5280131877826,15.936,25.011,4.326,15.02
5280132886724,15.82,23.329,4.069,15.02
5280133892622,16.606,25.442,4.609,15.02
5280134898551,16.612,26.322,2.527,3.085
5280135904717,16.161,25.442,2.344,3.025
5280136914425,16.357,26.322,2.251,2.621
5280137924327,16.399,26.322,2.17,2.17
5280138932259,15.796,21.99,2.17,2.17
5280139935107,15.8,21.99,2.128,2.17
5280140939969,16.307,22.017,2.204,2.4
5280141943053,15.584,20.506,2.204,2.4
5280142945227,15.62,22.017,2.267,2.456
5280143947666,15.243,19.985,2.245,2.494
5280144958272,15.155,20.044,2.398,2.73
5280145964453,14.844,19.194,2.449,2.731
5280146967647,15.376,20.655,2.449,2.731
5280147976504,15.267,20.655,2.718,4.606
5280148983953,15.486,21.706,3.655,8.246
5280149990362,16.559,31.424,4.16,8.246
5280150996281,17.846,32.083,5.555,8.246
5280152002451,18.426,32.137,4.927,8.246
5280153007023,19.019,38.926,4.214,8.246
5280154012092,19.733,39.464,3.202,6.268
5280155018049,20.503,41.607,2.589,3.099
5280156023291,23.797,71.539,2.461,2.729
5280157026244,24.063,71.539,4.346,9.401
5280158035225,27.134,72.241,4.348,9.401
5280159040424,29.547,72.241,4.564,9.401
5280160042952,28.585,71.539,4.372,9.401
5280161045218,24.506,56.735,4.138,9.401
5280162047496,23.411,52.889,3.092,5.096
5280163049987,20.221,50.093,3.14,5.096
5280164055833,17.081,32.151,2.825,4.842
5280165058783,17.239,32.399,2.501,2.961
5280166068706,18.563,37.733,2.504,2.961
5280167074633,18.428,36.817,13.609,35.481
5280168080420,20.001,41.533,9.137,35.481
5280169086207,22.266,48.789,8.401,35.481
5280170095599,22.935,49.618,8.825,35.481
5280171101076,24.505,49.854,10.421,35.481
5280172109782,24.45,49.854,7.834,33.107
5280173115627,23.407,49.854,9.035,33.107
5280174121531,22.581,43.863,9.553,33.107
5280175130560,22.564,59.371,8.607,33.107
5280176138688,19.912,41.882,4.643,8.576
5280177144457,19.5,42.37,4.039,8.576
5280178146729,20.628,61.361,3.719,8.576
5280179153359,19.146,59.371,2.647,3.082
5280180158586,18.565,33.635,2.46,3.028
5280181164800,18.858,54.939,2.289,2.546
5280182174491,18.526,33.454,2.25,2.46
5280183180579,17.025,26.655,2.531,3.293
5280184190560,17.243,26.655,2.782,4.904
5280185197662,17.95,33.454,2.832,4.904
5280186203527,17.475,26.808,2.964,4.904
5280187214507,16.864,26.556,2.99,4.904
5280188220812,16.812,26.556,2.851,4.904
5280189227234,20.392,37.367,2.718,3.813
5280190232552,20.133,31.454,2.636,3.813
5280191240146,20.209,31.454,2.662,3.813
5280192249620,20.247,31.692,2.603,3.813
5280193255721,20.592,31.692,2.641,3.813
5280194261612,16.199,22.096,2.526,3.056
5280195264290,16.093,26.79,2.603,3.056
5280196270735,16.385,26.79,2.926,4.909
5280197277565,17.072,26.916,2.945,4.909
5280198285719,17.353,26.916,2.945,4.909
5280199292427,18.299,29.925,3.161,4.909
5280200298036,18.503,28.697,3.189,5.116
5280201304169,18.332,28.697,3.114,5.116
5280202309107,18.474,28.697,3.212,5.116
5280203314118,18.194,27.863,3.169,5.116
5280204319041,18.321,29.413,3.027,5.116
5280205324026,18.907,36.739,2.79,3.019
5280206329141,18.645,36.739,2.666,3.019
5280207335822,18.879,36.739,2.738,3.193
5280208342714,19.325,36.739,2.692,3.193
5280209348605,18.688,34.979,3.082,5.128
5280210358575,18.814,34.501,3.171,5.128
5280211364889,19.305,34.979,3.373,5.128
5280212371449,18.641,34.805,3.251,5.128
5280213377588,18.572,36.381,3.356,5.128
5280214385040,20.185,39.736,2.942,3.519
5280215390525,21.242,44.989,2.906,3.519
5280216396727,21.354,46.767,2.922,3.519
5280217402681,23.924,50.152,2.967,3.519
5280218412257,25.569,56.33,7.997,27.697
5280219418593,26.054,56.33,7.865,27.697
5280220424678,25.827,56.33,7.026,27.697
5280221430705,25.978,56.33,9.045,27.697
5280222439471,23.22,52.245,9.045,27.697
5280223442837,22.215,46.226,2.828,3.255
5280224448139,19.69,40.45,2.812,3.255
5280225454212,19.295,34.559,3.096,3.17
5280226459199,19.3,35.116,3.096,3.17
5280227465553,19.961,35.116,2.863,3.17
5280228471414,20.021,39.581,4.046,8.779
5280229478235,20.61,41.514,4.046,8.779
5280230488146,20.713,41.514,4.313,8.779
5280231494538,21.256,44.717,7.044,22.419
5280232504025,22.312,51.101,9.251,22.419
5280233519875,23.334,56.314,9.408,22.419
5280234525834,23.717,59.189,9.408,22.419
5280235531422,25.107,59.189,12.506,22.419
5280236537954,26.081,59.585,2.97,3.055
5280237547703,23.891,55.527,2.98,3.055
5280238553170,21.742,55.004,3.055,3.517
5280239558869,20.92,50.178,3.027,3.517
5280240569014,18.319,46.056,3.018,3.517
5280241574359,16.533,25.016,3.244,5.091
5280242580696,16.591,26.347,3.203,5.091
5280243590467,16.714,26.347,3.244,5.091
5280244597568,16.825,26.347,3.317,5.091
5280245600927,16.708,24.061,3.84,7.732
5280246606691,17.039,26.506,3.567,7.732
5280247612455,16.849,24.991,3.46,7.732
5280248617755,16.129,22.488,3.429,7.732
5280249623775,16.416,27.613,3.422,7.732
5280250632804,16.444,27.613,2.976,3.404
5280251638643,16.078,22.932,2.956,3.404
5280252644816,16.583,27.613,2.949,3.365
5280253650370,16.964,27.613,2.951,3.365
5280254655794,16.552,23.135,2.847,2.955
5280255664438,16.777,28.909,2.897,3.41
5280256670637,17.062,30.525,3.03,3.41
5280257679257,16.786,28.909,3.451,5.465
5280258684510,16.716,27.874,3.551,5.465
5280259692760,17.384,29.879,3.331,5.465
5280260701410,17.394,29.879,3.442,5.465
5280261707643,16.856,26.351,3.512,5.465
5280262713819,17.454,29.879,3.077,3.292
5280263719579,17.407,29.879,2.961,3.292
5280264723268,17.255,31.316,2.915,3.292
5280265729726,17.304,25.599,2.915,3.292
5280266735581,16.839,25.599,2.874,3.292
5280267741786,16.497,24.287,2.898,3.541
5280268749173,19.945,49.067,3.074,3.541
5280269752096,21.537,58.481,3.227,3.541
5280270754974,24.012,59.406,3.179,3.541
5280271760408,26.57,59.406,2.997,3.541
5280272762753,26.849,58.481,2.907,3.295
5280273768386,24.26,52.642,2.955,3.323
5280274771564,23.95,50.39,2.916,3.323
5280275778135,26.616,52.737,3.032,3.73
5280276784787,25.067,50.39,3.336,3.73
5280277790693,24.813,50.39,3.242,3.73
5280278797015,24.797,50.39,3.291,3.73
5280279803490,24.883,47.022,3.295,3.73
5280280810395,20.867,39.214,3.145,3.628
5280281816612,20.246,41.977,2.991,3.587
5280282825596,21.363,44.333,2.977,3.587
5280283831639,21.096,44.333,2.876,3.587
5280284841694,21.584,49.525,2.73,3.094
5280285847740,22.698,51.893,5.833,26.261
5280286855056,25.006,56.017,6.299,26.261
5280287859214,23.893,56.017,6.259,26.261
5280288865664,23.931,56.017,6.988,26.261
5280289871070,23.842,56.836,7.829,26.261
5280290877298,24.299,56.969,3.42,4.314
5280291883360,22.448,52.768,6.246,20.625
5280292885345,23.109,56.969,6.933,20.625
5280293890526,22.897,56.969,6.812,20.625
5280294897390,20.756,42.03,7.81,20.625
5280295903267,19.392,42.03,5.859,20.625
5280296906647,20.581,42.267,3.126,4.655
5280297913261,18.606,42.03,3.18,4.655
5280298917991,18.831,42.267,3.09,4.655
5280299923923,19.41,45.211,3.09,4.655
5280300930076,17.751,38.034,3.321,4.655
5280301934844,16.905,30.015,3.247,4.58
5280302937505,16.673,30.015,3.155,4.58
5280303939883,15.934,24.942,12.137,38.662
5280304946876,15.659,24.942,10.29,38.662
5280305952349,15.299,24.431,10.098,38.662
5280306958357,15.705,24.431,10.098,38.662
5280307964577,16.22,23.264,8.977,38.662
5280308970771,16.41,23.264,3.132,3.476
5280309976838,16.511,22.808,3.107,3.476
5280310982895,17.013,29.669,2.98,3.371
5280311989373,17.078,29.669,3.012,3.622
5280312995238,17.308,30.511,2.944,3.622
5280313997894,17.628,30.511,3.003,3.622
5280315003401,17.773,30.511,3.072,3.622
5280316009399,17.688,30.511,3.106,3.495
5280317015041,17.873,31.872,3.232,3.56
5280318021616,17.56,29.786,3.274,3.56
5280319028417,18.207,29.786,3.297,3.642
5280320034191,19.906,33.977,3.307,3.642
5280321039467,19.789,33.977,3.249,3.642
5280322042535,19.385,30.489,3.23,3.642
5280323051692,19.337,30.489,3.219,3.642
5280324069073,17.111,27.826,2.957,3.224
5280325075458,16.903,27.826,2.946,3.224
5280326081573,17.087,27.826,2.941,3.224
5280327091205,17.594,24.007,3.004,3.379
5280328098012,17.936,25.121,2.993,3.379
5280329108051,18.295,25.121,3.082,3.379
5280330117677,18.002,30.021,3.092,3.379
5280331124558,19.207,35.657,3.137,3.836
5280332130693,18.922,35.741,3.175,4.112
5280333140336,19.586,41.061,3.219,4.112
5280334146239,21.247,41.061,3.228,4.112
5280335151206,21.809,43.986,3.738,5.53
5280336153558,23.089,47.285,4.057,5.53
5280337159634,23.698,47.285,4.612,5.53
5280338165744,24.109,47.285,3.961,5.53
5280339172598,22.05,45.291,3.961,5.53
5280340178917,22.22,47.029,3.176,3.693
5280341185728,20.648,45.291,3.106,3.472
5280342191826,20.361,42.576,3.106,3.472
5280343197822,20.178,40.015,3.329,3.472
5280344203635,20.872,45.338,3.329,3.472
5280345209762,20.131,36.174,3.326,3.593
5280346216261,21.147,45.338,3.322,3.593
5280347222646,21.707,50.422,3.322,3.593
5280348233013,21.284,46.302,3.322,3.593
5280349238370,22.994,50.731,3.191,3.593
5280350244726,22.937,50.422,2.927,2.927
5280351250545,22.077,46.993,2.927,2.927
5280352257226,22.657,46.993,11.863,38.535
5280353263645,21.873,46.993,11.863,38.535
5280354269774,19.366,37.849,14.842,38.535
5280355272602,19.916,37.849,11.963,38.535
5280356278478,21.461,45.007,10.871,38.535
5280357284615,20.147,44.717,4.249,6.505
5280358290802,20.584,45.007,4.016,6.505
5280359294286,20.986,45.007,3.812,6.505
5280360300769,19.349,36.949,4.086,6.505
5280361307788,17.307,29.748,3.762,5.972
5280362313584,16.591,26.119,3.799,5.972
5280363322815,16.845,26.119,3.837,5.972
5280364332461,18.44,30.088,3.978,5.972
5280365338608,18.71,36.074,3.528,3.919
5280366344690,18.652,36.074,3.468,3.785
5280367350670,19.033,36.074,3.544,3.973
5280368359541,19.462,34.733,3.562,3.973
5280369365542,17.154,23.117,3.555,3.973
5280370367836,17.142,23.065,3.515,3.973
5280371374093,16.975,26.44,3.466,3.973
5280372383573,17.425,26.44,3.363,3.775
5280373392512,17.871,26.882,3.334,3.811
5280374398566,19.078,28.084,3.348,3.811
5280375407590,19.478,28.084,3.565,5.019
5280376413625,19.911,34.784,3.603,5.019
5280377419878,21.051,36.414,3.529,5.019
5280378428198,20.263,36.414,3.439,5.019
5280379437494,19.518,26.804,3.491,5.019
5280380443398,19.619,34.396,3.419,3.956
5280381450350,20.231,25.791,3.643,5.147
5280382456773,19.714,28.293,3.767,5.147
5280383465554,20.524,28.293,3.866,5.147
5280384472357,20.986,28.293,3.943,5.147
5280385477174,20.853,28.224,3.955,5.147
5280386483921,22.26,38.298,4.632,10.6
5280387490540,20.456,28.224,4.734,10.6
5280388498870,19.833,28.224,4.553,10.6
5280389505531,19.354,28.215,4.252,10.6
5280390515415,18.749,25.688,4.299,10.6
5280391521593,17.952,32.656,3.436,3.704
5280392530992,18.142,33.026,3.87,8.062
5280393537576,18.363,34.575,3.917,8.062
5280394544081,18.453,33.026,10.978,59.749
5280395549649,19.242,34.575,12.017,59.749
5280396555240,18.84,34.602,15.383,59.749
5280397560265,19.746,37.629,22.046,59.749
5280398565731,22.133,49.445,42.29,64.337
5280399571660,23.739,52.254,33.86,64.337
5280400580666,26.208,55.626,33.86,64.337
5280401586637,26.312,55.626,33.86,64.337
5280402595544,25.576,54.71,19.149,64.337
5280403602281,23.561,50.724,3.901,6.188
5280404611588,22.928,47.144,3.722,6.188
5280405617777,19.826,38.213,3.552,6.188
5280406625021,21.428,43.35,3.188,3.638
5280407630336,22.646,44.067,3.271,3.638
5280408636428,23.671,45.307,3.292,3.638
5280409641027,23.487,48.886,3.341,3.638
5280410646773,25.353,54.997,3.912,4.783
5280411656272,26.022,58.245,3.967,4.783
5280412666869,24.854,54.997,3.737,4.783
5280413673301,32.07,83.503,10.805,59.737
5280414679842,32.704,83.503,9.981,59.737
5280415689654,31.067,83.503,13.286,59.737
5280416695751,30.927,85.267,11.5,59.737
5280417701859,32.378,85.267,12.278,59.737
5280418710600,24.818,57.943,6.712,34.909
5280419719659,23.614,52.547,7.025,34.909
5280420729744,22.085,43.442,4.177,9.894
5280421739710,20.031,42.494,4.429,9.894
5280422745494,18.94,38.401,4.424,9.894
5280423751485,17.83,30.425,4.31,9.894
5280424757615,18.285,33.885,3.576,4.171
5280425763517,18.138,33.885,3.598,4.171
5280426769533,18.29,33.885,3.524,4.171
5280427775526,16.775,23.829,3.468,4.092
5280428781705,16.629,27.675,3.545,4.092
5280429785013,16.447,24.771,3.501,3.832
5280430791505,16.737,27.675,3.783,5.047
5280431797563,17.045,27.675,3.88,5.047
5280432803964,17.66,29.46,3.88,5.047
5280433813717,18.053,29.483,3.731,5.047
5280434824232,18.079,29.483,3.662,5.047
5280435833528,17.855,28.377,3.535,4.273
5280436844089,18.163,28.377,3.512,4.273
5280437853542,18.134,28.377,5.601,26.945
5280438860776,17.424,25.558,5.934,26.945
5280439866811,17.606,27.939,6.155,26.945
5280440870159,16.946,26.771,6.272,26.945
5280441875697,16.89,24.263,5.984,26.945
5280442881585,16.544,24.263,3.715,5.325
5280443888755,16.668,26.771,3.672,5.325
5280444895501,16.79,30.105,3.715,5.325
5280445902737,17.625,33.068,3.763,5.111
5280446908597,17.172,30.105,3.852,5.111
5280447917897,17.373,30.105,3.965,5.111
5280448923653,17.519,30.105,4.056,5.111
5280449928824,16.876,28.892,4.11,5.135
5280450934637,16.618,29.349,3.966,5.135
5280451943729,16.377,29.349,3.973,5.135
5280452949173,16.629,29.349,4.508,8.178
5280453954381,16.385,27.127,4.508,8.178
5280454963511,17.283,30.432,5.107,8.178
5280455974031,18.135,31.151,4.806,8.178
5280456979252,19.519,39.52,4.256,8.178
5280457985340,20.876,43.579,3.621,5.31
5280458991362,22.795,50.89,3.621,5.31
5280459997698,22.688,50.89,3.151,3.401
5280461003343,26.017,61.226,3.158,3.445
5280462009664,25.203,61.226,3.125,3.445
5280463015776,24.834,61.226,3.125,3.445
5280464021399,23.948,61.226,3.096,3.445
5280465030663,22.936,61.226,7.704,24.878
5280466040626,21.931,43.165,7.675,24.878
5280467046472,22.031,40.768,8.858,24.878
5280468052411,22.874,40.816,7.808,24.878
5280469063707,23.275,45.485,6.515,24.878
5280470073537,22.626,45.485,3.291,3.607
5280471079306,21.883,45.485,3.415,3.924
5280472085582,22.502,45.509,9.216,38.218
5280473091227,21.751,45.509,8.308,38.218
5280474098089,21.666,45.509,12.153,38.218
5280475104281,21.549,45.509,10.389,38.218
5280476110648,21.519,45.889,12.006,38.218
5280477116854,21.182,45.889,3.268,3.344
5280478123143,21.212,37.511,3.712,4.09
5280479133292,24.237,50.967,3.712,4.09
5280480136458,25.781,56.494,4.09,4.09
5280481141020,25.94,59.894,4.074,4.14
5280482146210,26.093,59.894,3.792,4.14
5280483152008,26.305,59.894,3.792,4.14
5280484161722,24.145,52.832,3.809,4.14
5280485167749,22.042,45.564,4.108,5.599
5280486173359,20.676,42.294,4.116,5.599
5280487179508,19.76,38.318,4.365,5.599
5280488185627,19.208,36.219,4.133,5.599
5280489188909,17.594,26.629,4.188,5.618
5280490194564,18.033,30.324,4.032,5.618
5280491200721,17.946,30.324,3.969,5.618
5280492207651,18.572,31.354,3.926,5.618
5280493213456,18.535,32.806,3.883,5.618
5280494219468,18.263,30.386,3.731,4.152
5280495228650,18.229,30.386,3.736,4.201
5280496237591,18.227,30.386,3.722,4.201
5280497243635,17.964,30.386,3.696,4.201
