epoch_ts,adv_return_ms,adv_recv_count,steer_rate_pct,steer_result,apply_latency_ms
5452926650760,26.065,1,0.0,PASS,0.039
5452927657367,39.025,2,0.0,PASS,0.020
5452928664288,40.058,3,0.0,PASS,0.039
5452929671110,40.168,4,0.0,PASS,0.084
5452930677949,26.736,5,20.0,STEERED,0.045
5452931684748,36.092,6,16.7,PASS,0.039
5452932692355,38.583,7,14.3,PASS,0.140
5452933699134,26.982,8,25.0,STEERED,0.022
5452934706359,39.606,9,33.3,STEERED,0.025
5452935713292,25.779,10,40.0,STEERED,0.038
5452936720312,40.866,11,45.5,STEERED,0.042
5452937727457,38.404,12,50.0,STEERED,0.030
5452938734470,26.049,13,53.8,STEERED,0.026
5452939741626,40.383,14,57.1,STEERED,0.035
5452940748680,37.948,15,60.0,STEERED,0.242
5452941755547,40.199,16,62.5,STEERED,0.041
5452942762883,27.942,17,64.7,STEERED,0.081
5452943771334,26.066,18,66.7,STEERED,0.021
5452944778285,38.752,19,68.4,STEERED,0.049
5452945786035,26.214,20,70.0,STEERED,0.038
5452946793195,37.012,21,71.4,STEERED,0.083
5452947800479,40.153,22,72.7,STEERED,0.020
5452948807661,37.610,23,73.9,STEERED,0.039
5452949814950,40.325,24,75.0,STEERED,0.022
5452950822274,26.278,25,72.0,PASS,0.036
5452951829529,35.783,26,73.1,STEERED,0.021
5452952836696,38.843,27,74.1,STEERED,0.035
5452953843665,36.911,28,75.0,STEERED,0.049
5452954850716,41.463,29,75.9,STEERED,0.027
5452955858191,37.065,30,76.7,STEERED,0.033
5452956865074,40.412,31,77.4,STEERED,0.022
5452957873978,41.365,32,75.0,PASS,0.089
5452958883474,37.158,33,72.7,PASS,0.020
5452959890717,25.949,34,73.5,STEERED,0.363
5452960897918,37.170,35,74.3,STEERED,0.045
5452961905134,40.333,36,75.0,STEERED,0.027
5452962912180,25.322,37,75.7,STEERED,0.043
5452963919185,39.098,38,76.3,STEERED,0.023
5452964926900,25.598,39,76.9,STEERED,0.046
5452965934213,36.276,40,77.5,STEERED,0.026
5452966941451,38.970,41,78.0,STEERED,0.025
5452967948563,25.426,42,78.6,STEERED,0.045
5452968955276,39.852,43,76.7,PASS,0.050
5452969962371,25.490,44,77.3,STEERED,0.022
5452970972650,37.561,45,75.6,PASS,0.033
5452971979679,39.650,46,76.1,STEERED,0.046
5452972987392,25.086,47,74.5,PASS,0.034
5452973994527,35.840,48,75.0,STEERED,0.048
5452975001655,25.748,49,75.5,STEERED,0.052
5452976008835,36.322,50,76.0,STEERED,0.023
5452977015935,39.202,51,76.5,STEERED,0.032
5452978023101,37.068,52,76.9,STEERED,0.049
5452979030271,25.454,53,77.4,STEERED,0.039
5452980037427,37.815,54,75.9,PASS,0.034
5452981044491,25.349,55,74.5,PASS,0.027
5452982051421,40.137,56,73.2,PASS,0.040
5452983058686,39.082,57,73.7,STEERED,0.045
5452984065694,40.575,58,74.1,STEERED,0.039
5452985072837,24.766,59,74.6,STEERED,0.035
5452986085275,39.461,60,75.0,STEERED,0.087
5452987092186,39.478,61,73.8,PASS,0.030
5452988099409,25.318,62,72.6,PASS,0.036
5452989106593,38.573,63,71.4,PASS,0.047
5452990113714,25.399,64,70.3,PASS,0.044
5452991121066,40.696,65,69.2,PASS,0.036
5452992128151,25.362,66,69.7,STEERED,0.017
5452993135199,40.151,67,70.1,STEERED,0.022
5452994141953,25.681,68,70.6,STEERED,0.040
5452995148803,36.545,69,69.6,PASS,0.029
5452996156013,24.970,70,70.0,STEERED,0.024
5452997163065,36.806,71,70.4,STEERED,0.045
5452998170249,24.861,72,70.8,STEERED,0.053
5452999177134,25.384,73,71.2,STEERED,0.032
5453000184310,35.641,74,71.6,STEERED,0.042
5453001199089,35.937,75,72.0,STEERED,0.031
5453002206387,38.574,76,72.4,STEERED,0.045
5453003213358,36.619,77,72.7,STEERED,0.033
5453004220344,25.200,78,73.1,STEERED,0.094
5453005227531,37.490,79,73.4,STEERED,0.023
5453006234780,25.262,80,73.8,STEERED,0.031
5453007242113,39.389,81,74.1,STEERED,0.022
5453008248887,36.129,82,74.4,STEERED,0.027
5453009255849,38.862,83,74.7,STEERED,0.022
5453010262874,37.090,84,75.0,STEERED,0.030
5453011270249,39.488,85,75.3,STEERED,0.052
5453012277296,25.697,86,75.6,STEERED,0.159
5453013284160,37.325,87,75.9,STEERED,0.048
5453014290929,25.199,88,76.1,STEERED,0.050
5453015298018,39.536,89,76.4,STEERED,0.042
5453016311671,38.183,90,76.7,STEERED,0.035
5453017318480,24.993,91,76.9,STEERED,0.042
5453018325527,39.225,92,77.2,STEERED,0.052
5453019332883,37.088,93,77.4,STEERED,0.049
5453020339971,24.908,94,77.7,STEERED,0.463
5453021347032,24.963,95,77.9,STEERED,0.039
5453022354154,37.637,96,78.1,STEERED,0.037
5453023361147,25.229,97,78.4,STEERED,0.045
5453024369020,36.577,98,78.6,STEERED,0.049
5453025376867,38.120,99,78.8,STEERED,0.065
5453026383692,24.693,100,78.0,PASS,0.046
5453027390670,40.817,101,77.2,PASS,0.044
5453028397475,37.183,102,76.5,PASS,0.037
5453029404493,25.462,103,75.7,PASS,0.050
5453030411677,25.131,104,75.0,PASS,0.057
5453031418840,35.781,105,74.3,PASS,0.046
5453032426007,25.834,106,73.6,PASS,0.035
5453033433113,36.371,107,73.8,STEERED,0.050
5453034440093,45.182,108,74.1,STEERED,0.048
5453035447103,37.753,109,74.3,STEERED,0.034
5453036453979,25.058,110,74.5,STEERED,0.035
5453037460660,38.773,111,74.8,STEERED,0.043
5453038467736,36.713,112,74.1,PASS,0.047
5453039475026,25.352,113,73.5,PASS,0.202
5453040482395,37.150,114,72.8,PASS,0.034
5453041490128,39.375,115,73.0,STEERED,0.032
5453042497692,25.784,116,73.3,STEERED,0.039
5453043505180,40.529,117,73.5,STEERED,0.021
5453044513173,36.526,118,73.7,STEERED,0.025
5453045521166,26.242,119,73.1,PASS,0.022
5453046528875,41.080,120,72.5,PASS,0.044
5453047536838,37.800,121,71.9,PASS,0.032
5453048544683,26.241,122,71.3,PASS,0.161
5453049552089,35.471,123,70.7,PASS,0.047
5453050559679,25.630,124,70.2,PASS,0.047
5453051567345,37.194,125,70.4,STEERED,0.038
5453052575643,25.690,126,69.8,PASS,0.037
5453053583396,42.445,127,69.3,PASS,0.037
5453054591395,25.650,128,68.8,PASS,0.030
5453055599285,40.446,129,69.0,STEERED,0.030
5453056607283,25.745,130,68.5,PASS,0.029
5453057615189,39.760,131,67.9,PASS,0.368
5453058622865,26.585,132,68.2,STEERED,0.044
5453059630706,39.233,133,67.7,PASS,0.041
5453060638572,25.330,134,67.2,PASS,0.171
5453061646383,38.203,135,67.4,STEERED,0.087
5453062654030,25.426,136,66.9,PASS,0.037
5453063661671,38.058,137,66.4,PASS,0.024
5453064670279,25.522,138,66.7,STEERED,0.023
5453065679714,40.201,139,66.2,PASS,0.026
5453066687923,25.463,140,65.7,PASS,0.022
5453067695816,38.631,141,65.2,PASS,0.043
5453068703753,26.043,142,64.8,PASS,0.036
5453069711629,25.261,143,64.3,PASS,0.046
5453070719579,26.269,144,64.6,STEERED,0.064
5453071727610,37.237,145,64.8,STEERED,0.022
5453072735449,25.688,146,64.4,PASS,0.023
5453073743286,36.240,147,64.6,STEERED,0.021
5453074751248,25.642,148,64.9,STEERED,0.027
5453075759344,40.101,149,65.1,STEERED,0.044
5453076767395,37.084,150,65.3,STEERED,0.041
5453077775581,25.725,151,65.6,STEERED,0.183
5453078783350,41.129,152,65.8,STEERED,0.034
5453079791733,26.166,153,66.0,STEERED,0.045
5453080803760,36.492,154,66.2,STEERED,0.047
5453081811784,38.139,155,65.8,PASS,0.038
5453082819734,25.618,156,66.0,STEERED,0.029
5453083827823,37.133,157,66.2,STEERED,0.075
5453084835964,39.064,158,66.5,STEERED,0.046
5453085843811,35.945,159,66.7,STEERED,0.044
5453086851467,25.735,160,66.9,STEERED,0.034
5453087859452,40.246,161,66.5,PASS,0.033
5453088866993,37.865,162,66.0,PASS,0.030
5453089874629,40.027,163,66.3,STEERED,0.024
5453090882435,37.223,164,66.5,STEERED,0.028
5453091890260,26.223,165,66.7,STEERED,0.024
5453092898118,36.102,166,66.9,STEERED,0.024
5453093906571,26.364,167,67.1,STEERED,0.025
5453094914844,40.137,168,67.3,STEERED,0.038
5453095922552,37.555,169,67.5,STEERED,0.047
5453096930425,25.563,170,67.6,STEERED,0.051
5453097938330,36.697,171,67.8,STEERED,0.059
5453098946018,26.240,172,67.4,PASS,0.034
5453099953836,41.231,173,67.1,PASS,0.060
5453100961679,25.968,174,66.7,PASS,0.044
5453101969401,40.726,175,66.9,STEERED,0.038
5453102977077,26.112,176,66.5,PASS,0.054
5453103985033,39.739,177,66.7,STEERED,0.030
5453104992942,39.285,178,66.9,STEERED,0.042
5453106000862,25.802,179,67.0,STEERED,0.051
5453107008729,41.087,180,67.2,STEERED,0.034
5453108017835,37.138,181,67.4,STEERED,0.049
5453109025372,25.716,182,67.6,STEERED,0.060
5453110033082,36.630,183,67.8,STEERED,0.020
5453111041044,26.003,184,67.9,STEERED,0.031
5453112048712,36.388,185,67.6,PASS,0.049
5453113056005,38.648,186,67.2,PASS,0.050
5453114064234,40.578,187,66.8,PASS,0.039
5453115072131,37.718,188,66.5,PASS,0.029
5453116079754,26.890,189,66.1,PASS,0.028
5453117088455,26.773,190,66.3,STEERED,0.024
5453118096526,39.498,191,66.5,STEERED,0.022
5453119104362,40.319,192,66.7,STEERED,0.029
5453120112346,37.556,193,66.8,STEERED,0.041
5453121120472,25.672,194,66.5,PASS,0.305
5453122128479,26.798,195,66.2,PASS,0.063
5453123136362,38.764,196,66.3,STEERED,0.051
5453124144292,26.330,197,66.5,STEERED,0.048
5453125152142,38.159,198,66.7,STEERED,0.032
5453126160043,39.793,199,66.8,STEERED,0.312
5453127168094,26.572,200,67.0,STEERED,0.082
5453128176129,38.964,201,67.2,STEERED,0.070
5453129184149,26.607,202,67.3,STEERED,0.040
5453130192247,37.731,203,67.5,STEERED,0.047
5453131200214,26.974,204,67.6,STEERED,0.040
5453132208680,36.763,205,67.8,STEERED,0.044
5453133216537,25.836,206,68.0,STEERED,0.033
5453134224387,42.160,207,68.1,STEERED,0.040
5453135232636,37.300,208,68.3,STEERED,0.036
5453136240523,39.848,209,68.4,STEERED,0.050
5453137248567,41.942,210,68.6,STEERED,0.050
5453138256576,26.921,211,68.7,STEERED,0.083
5453139264484,40.428,212,68.9,STEERED,0.044
5453140272496,37.749,213,69.0,STEERED,0.273
5453141280601,26.421,214,69.2,STEERED,0.044
5453142288599,36.742,215,69.3,STEERED,0.080
5453143296580,38.374,216,69.4,STEERED,0.072
5453144304793,26.198,217,69.1,PASS,0.043
5453145312803,26.695,218,68.8,PASS,0.022
5453146320739,39.892,219,68.5,PASS,0.034
5453147328421,27.014,220,68.2,PASS,0.041
5453148336610,38.641,221,67.9,PASS,0.049
5453149344630,26.376,222,67.6,PASS,0.023
5453150352279,38.270,223,67.3,PASS,0.032
5453151360108,26.848,224,67.0,PASS,0.050
5453152368200,38.419,225,66.7,PASS,0.037
5453153376199,39.056,226,66.4,PASS,0.032
5453154384156,41.093,227,66.1,PASS,0.044
5453155392316,26.185,228,65.8,PASS,0.218
5453156400457,39.766,229,65.5,PASS,0.041
5453157408465,28.072,230,65.2,PASS,0.043
5453158416259,39.426,231,64.9,PASS,0.027
5453159424192,26.319,232,64.7,PASS,0.022
5453160432343,37.952,233,64.4,PASS,0.021
5453161440283,26.274,234,64.1,PASS,0.021
5453162448272,36.998,235,63.8,PASS,0.035
5453163456255,39.358,236,63.6,PASS,0.039
5453164464341,26.836,237,63.3,PASS,0.053
5453165472256,38.330,238,63.0,PASS,0.082
5453166480143,40.562,239,62.8,PASS,0.038
5453167488042,27.096,240,62.9,STEERED,0.042
5453168496565,39.130,241,63.1,STEERED,0.051
5453169504368,26.996,242,63.2,STEERED,0.021
5453170512006,26.913,243,63.4,STEERED,0.055
5453171519729,41.258,244,63.5,STEERED,0.039
5453172527588,43.585,245,63.7,STEERED,0.023
5453173535576,27.353,246,63.8,STEERED,0.040
5453174543727,36.936,247,63.6,PASS,0.353
5453175551520,26.875,248,63.7,STEERED,0.020
5453176559736,40.854,249,63.9,STEERED,0.048
5453177567801,26.519,250,64.0,STEERED,0.042
5453178575834,39.519,251,64.1,STEERED,0.049
5453179584020,26.417,252,64.3,STEERED,0.321
5453180592094,38.583,253,64.4,STEERED,0.022
5453181600008,41.065,254,64.6,STEERED,0.022
5453182608784,27.824,255,64.7,STEERED,0.029
5453183617105,38.920,256,64.8,STEERED,0.024
5453184624660,27.383,257,65.0,STEERED,0.023
5453185632652,38.650,258,65.1,STEERED,0.020
5453186640513,41.054,259,65.3,STEERED,0.021
5453187648571,38.957,260,65.4,STEERED,0.022
5453188656625,26.379,261,65.5,STEERED,0.042
5453189664738,41.187,262,65.6,STEERED,0.030
5453190672979,26.772,263,65.8,STEERED,0.023
5453191683576,42.376,264,65.9,STEERED,0.048
5453192691796,27.328,265,66.0,STEERED,0.064
5453193699885,40.873,266,66.2,STEERED,0.035
5453194707913,38.114,267,66.3,STEERED,0.045
5453195716556,27.679,268,66.4,STEERED,0.082
5453196724709,47.149,269,66.2,PASS,0.049
5453197732695,28.249,270,65.9,PASS,0.070
5453198741696,39.564,271,65.7,PASS,0.043
5453199750032,27.723,272,65.4,PASS,0.045
5453200758274,37.832,273,65.2,PASS,0.042
5453201766016,27.257,274,65.3,STEERED,0.112
5453202773897,37.134,275,65.5,STEERED,0.062
5453203781907,27.011,276,65.6,STEERED,0.045
5453204789929,41.113,277,65.7,STEERED,0.053
5453205797653,38.647,278,65.8,STEERED,0.053
5453206805214,27.733,279,65.9,STEERED,0.047
5453207813014,38.519,280,66.1,STEERED,0.057
5453208820735,27.705,281,66.2,STEERED,0.045
5453209828445,43.161,282,66.3,STEERED,0.044
5453210836007,41.757,283,66.4,STEERED,0.045
5453211843996,27.406,284,66.5,STEERED,0.093
5453212852019,39.145,285,66.7,STEERED,0.039
5453213859968,40.895,286,66.8,STEERED,0.044
5453214867892,28.040,287,66.9,STEERED,0.055
5453215876056,40.541,288,67.0,STEERED,0.055
5453216884098,42.325,289,67.1,STEERED,0.050
5453217892267,27.799,290,66.9,PASS,0.044
5453218900251,41.653,291,66.7,PASS,0.059
5453219907923,78.741,292,66.8,STEERED,0.040
5453220915528,40.865,293,66.9,STEERED,0.035
5453221923089,27.593,294,67.0,STEERED,0.024
5453222930930,40.966,295,67.1,STEERED,0.023
5453223938922,27.760,296,67.2,STEERED,0.023
5453224946909,39.821,297,67.3,STEERED,0.020
5453225954682,41.931,298,67.4,STEERED,0.052
5453226962275,27.533,299,67.6,STEERED,0.020
5453227970141,27.126,300,67.7,STEERED,0.020
5453228977861,39.105,301,67.4,PASS,0.049
5453229985693,28.218,302,67.2,PASS,0.045
5453230993566,38.438,303,67.3,STEERED,0.032
5453232001546,27.376,304,67.4,STEERED,0.043
5453233009146,43.188,305,67.5,STEERED,0.230
5453234017188,27.749,306,67.6,STEERED,0.046
5453235025182,44.032,307,67.8,STEERED,0.038
5453236033316,28.190,308,67.5,PASS,0.023
5453237041225,40.397,309,67.6,STEERED,0.031
5453238049146,27.868,310,67.4,PASS,0.024
5453239057120,39.672,311,67.2,PASS,0.022
5453240065064,27.525,312,67.0,PASS,0.024
5453241072820,39.755,313,66.8,PASS,0.201
5453242080482,28.602,314,66.6,PASS,0.041
5453243088356,28.393,315,66.3,PASS,0.068
5453244096137,40.671,316,66.1,PASS,0.036
5453245103794,28.225,317,65.9,PASS,0.046
5453246112462,40.398,318,65.7,PASS,0.045
5453247120261,28.357,319,65.5,PASS,0.035
5453248128012,44.369,320,65.3,PASS,0.042
5453249135901,28.204,321,65.1,PASS,0.037
5453250143626,27.649,322,64.9,PASS,0.044
5453251151253,28.254,323,64.7,PASS,0.036
5453252159071,43.906,324,64.5,PASS,0.354
5453253166919,28.451,325,64.3,PASS,0.028
5453254174643,42.317,326,64.1,PASS,0.037
5453255182418,39.751,327,64.2,STEERED,0.028
5453256190204,28.142,328,64.3,STEERED,0.024
5453257197933,39.232,329,64.1,PASS,0.025
5453258205730,41.321,330,64.2,STEERED,0.030
5453259213578,29.005,331,64.4,STEERED,0.027
5453260221254,41.100,332,64.2,PASS,0.022
5453261229006,44.062,333,64.0,PASS,0.028
5453262236783,27.764,334,63.8,PASS,0.024
5453263244491,48.729,335,63.6,PASS,0.022
5453264252305,28.636,336,63.4,PASS,0.043
5453265260188,42.428,337,63.2,PASS,0.028
5453266268134,28.654,338,63.0,PASS,0.037
5453267276307,40.863,339,62.8,PASS,0.028
5453268284274,27.782,340,62.6,PASS,0.052
5453269292196,40.335,341,62.5,PASS,0.025
5453270299996,42.162,342,62.6,STEERED,0.045
5453271307881,42.422,343,62.7,STEERED,0.079
5453272319118,29.528,344,62.8,STEERED,0.047
5453273327914,39.516,345,62.9,STEERED,0.027
5453274335980,41.553,346,62.7,PASS,0.046
5453275343993,28.724,347,62.5,PASS,0.039
5453276351945,43.512,348,62.6,STEERED,0.112
5453277359468,28.908,349,62.8,STEERED,0.066
5453278367045,40.746,350,62.6,PASS,0.031
5453279374812,42.606,351,62.4,PASS,0.041
5453280382686,28.272,352,62.2,PASS,0.060
5453281390145,42.476,353,62.0,PASS,0.022
5453282397853,29.165,354,61.9,PASS,0.032
5453283405576,42.127,355,62.0,STEERED,0.027
5453284414823,29.666,356,62.1,STEERED,0.023
5453285423098,40.458,357,62.2,STEERED,0.039
5453286431086,41.571,358,62.3,STEERED,0.044
5453287439039,29.067,359,62.4,STEERED,0.052
5453288447023,40.991,360,62.5,STEERED,0.034
5453289455043,29.593,361,62.6,STEERED,0.022
5453290463375,42.186,362,62.7,STEERED,0.021
5453291471442,29.700,363,62.5,PASS,0.025
5453292479510,43.506,364,62.6,STEERED,0.036
5453293487430,29.225,365,62.5,PASS,0.037
5453294495312,47.685,366,62.3,PASS,0.049
5453295503131,39.944,367,62.4,STEERED,0.037
5453296511165,28.737,368,62.5,STEERED,0.024
5453297519129,43.958,369,62.6,STEERED,0.043
5453298527140,40.950,370,62.7,STEERED,0.059
5453299535337,46.510,371,62.8,STEERED,0.046
5453300543370,29.543,372,62.9,STEERED,0.048
5453301551336,41.978,373,63.0,STEERED,0.044
5453302560272,29.515,374,63.1,STEERED,0.041
5453303568380,39.650,375,63.2,STEERED,0.027
5453304576369,28.932,376,63.3,STEERED,0.030
5453305584570,43.676,377,63.4,STEERED,0.042
5453306592493,41.075,378,63.5,STEERED,0.035
5453307600399,29.046,379,63.3,PASS,0.053
5453308608280,45.346,380,63.2,PASS,0.046
5453309622777,29.822,381,63.0,PASS,0.039
5453310631142,42.547,382,62.8,PASS,0.034
5453311639130,44.372,383,62.7,PASS,0.022
5453312647066,29.585,384,62.5,PASS,0.033
5453313654926,43.860,385,62.3,PASS,0.053
5453314663238,29.932,386,62.2,PASS,0.052
5453315671307,43.210,387,62.3,STEERED,0.040
5453316679277,29.847,388,62.4,STEERED,0.034
5453317687632,41.317,389,62.5,STEERED,0.022
5453318695322,29.574,390,62.6,STEERED,0.049
5453319703195,40.450,391,62.7,STEERED,0.021
5453320711959,41.888,392,62.5,PASS,0.028
5453321719962,29.764,393,62.6,STEERED,0.023
5453322727883,40.624,394,62.7,STEERED,0.037
5453323737055,29.832,395,62.8,STEERED,0.022
5453324745024,43.941,396,62.9,STEERED,0.020
5453325754925,128.674,397,63.0,STEERED,0.024
5453326762685,41.414,398,63.1,STEERED,0.037
5453327770463,43.443,399,63.2,STEERED,0.030
5453328778241,40.398,400,63.2,STEERED,0.037
5453329786220,30.454,401,63.1,PASS,0.046
5453330794114,48.720,402,63.2,STEERED,0.046
5453331802308,42.847,403,63.0,PASS,0.547
5453332810276,29.639,404,62.9,PASS,0.083
5453333818325,45.780,405,62.7,PASS,0.073
5453334826262,42.586,406,62.6,PASS,0.041
5453335834271,30.406,407,62.4,PASS,0.615
5453336842215,44.975,408,62.3,PASS,0.033
5453337850198,43.877,409,62.1,PASS,0.026
5453338865324,30.430,410,62.0,PASS,0.022
5453339873094,41.008,411,61.8,PASS,0.045
5453340881178,30.552,412,61.9,STEERED,0.038
5453341889122,40.101,413,62.0,STEERED,0.046
5453342897264,30.087,414,62.1,STEERED,0.033
5453343905313,44.256,415,61.9,PASS,0.033
5453344913140,30.284,416,61.8,PASS,0.049
5453345921088,43.770,417,61.6,PASS,0.047
5453346929173,30.428,418,61.5,PASS,0.047
5453347937243,42.138,419,61.3,PASS,0.053
5453348945192,30.219,420,61.2,PASS,0.061
5453349953446,40.800,421,61.0,PASS,0.030
5453350961503,31.095,422,60.9,PASS,0.046
5453351969311,30.768,423,60.8,PASS,0.040
5453352977407,30.149,424,60.8,STEERED,0.044
5453353985315,44.310,425,60.9,STEERED,0.034
5453354993368,30.802,426,61.0,STEERED,0.032
5453356001358,43.253,427,61.1,STEERED,0.036
5453357009266,30.401,428,61.2,STEERED,0.027
5453358017343,42.048,429,61.3,STEERED,0.062
5453359025430,30.877,430,61.4,STEERED,0.032
5453360033440,41.947,431,61.5,STEERED,0.044
5453361041405,31.531,432,61.6,STEERED,0.030
5453362049892,44.573,433,61.7,STEERED,0.050
5453363058012,37.962,434,61.8,STEERED,0.047
5453364066141,43.685,435,61.8,STEERED,0.039
5453365073978,30.904,436,61.9,STEERED,0.042
5453366081741,42.710,437,62.0,STEERED,0.042
5453367089724,44.800,438,62.1,STEERED,0.037
5453368097336,31.317,439,62.2,STEERED,0.044
5453369105078,44.609,440,62.0,PASS,0.046
5453370113094,46.760,441,61.9,PASS,0.042
5453371121138,43.654,442,61.8,PASS,0.023
5453372129274,30.795,443,61.6,PASS,0.023
5453373137224,42.667,444,61.5,PASS,0.043
5453374145226,31.388,445,61.6,STEERED,0.047
5453375153152,41.994,446,61.7,STEERED,0.069
5453376160998,31.158,447,61.5,PASS,0.063
5453377169054,46.761,448,61.4,PASS,0.041
5453378177136,31.122,449,61.5,STEERED,0.031
5453379185166,44.801,450,61.6,STEERED,0.022
5453380193294,46.718,451,61.6,STEERED,0.031
5453381201526,31.229,452,61.7,STEERED,0.036
5453382209524,48.157,453,61.8,STEERED,0.061
5453383217717,31.540,454,61.9,STEERED,0.045
5453384225838,44.455,455,62.0,STEERED,0.063
5453385234056,31.865,456,62.1,STEERED,0.044
5453386241737,31.130,457,62.1,STEERED,0.022
5453387249440,45.789,458,62.2,STEERED,0.034
5453388257454,30.965,459,62.3,STEERED,0.048
5453389265467,45.013,460,62.4,STEERED,0.038
5453390273355,31.857,461,62.3,PASS,0.044
5453391281175,44.534,462,62.3,STEERED,0.031
5453392289076,46.366,463,62.4,STEERED,0.022
5453393297008,43.491,464,62.5,STEERED,0.022
5453394304918,32.224,465,62.6,STEERED,0.043
5453395312855,43.674,466,62.7,STEERED,0.062
5453396320971,45.499,467,62.7,STEERED,0.045
5453397329015,31.121,468,62.8,STEERED,0.023
5453398337093,43.752,469,62.9,STEERED,0.047
5453399345080,34.070,470,63.0,STEERED,0.051
5453400353224,47.219,471,63.1,STEERED,0.054
5453401361260,32.588,472,63.1,STEERED,0.034
5453402369182,46.713,473,63.2,STEERED,0.051
5453403377155,43.691,474,63.3,STEERED,0.036
5453404385183,70.266,475,63.4,STEERED,0.076
5453405393266,31.577,476,63.4,STEERED,0.059
5453406401400,48.046,477,63.3,PASS,0.052
5453407409249,46.252,478,63.4,STEERED,0.043
5453408417090,43.635,479,63.3,PASS,0.045
5453409428779,47.246,480,63.3,STEERED,0.041
5453410436785,46.238,481,63.4,STEERED,0.022
5453411444706,32.324,482,63.5,STEERED,0.024
5453412452717,43.334,483,63.4,PASS,0.028
5453413460679,32.452,484,63.4,STEERED,0.024
5453414468613,47.298,485,63.3,PASS,0.024
5453415476610,32.094,486,63.2,PASS,0.026
5453416484527,42.631,487,63.0,PASS,0.041
5453417492506,43.751,488,63.1,STEERED,0.053
5453418500338,32.345,489,63.2,STEERED,0.099
5453419508377,47.954,490,63.3,STEERED,0.036
5453420516373,44.814,491,63.3,STEERED,0.033
5453421524471,46.005,492,63.4,STEERED,0.029
5453422532436,32.937,493,63.5,STEERED,0.071
5453423540619,45.689,494,63.6,STEERED,0.064
5453424548486,47.710,495,63.4,PASS,0.022
5453425557601,46.125,496,63.3,PASS,0.037
5453426565515,32.414,497,63.4,STEERED,0.033
5453427573516,42.839,498,63.5,STEERED,0.047
5453428581524,44.490,499,63.5,STEERED,0.026
5453429589574,32.920,500,63.6,STEERED,0.047
5453430597564,33.597,501,63.7,STEERED,0.022
5453431606442,45.305,502,63.5,PASS,0.047
5453432614670,46.833,503,63.4,PASS,0.040
5453433622790,32.987,504,63.3,PASS,0.046
5453434631138,45.610,505,63.2,PASS,0.038
5453435639281,32.953,506,63.0,PASS,0.045
5453436647232,44.632,507,62.9,PASS,0.056
5453437655355,46.377,508,62.8,PASS,0.033
5453438663462,32.655,509,62.9,STEERED,0.020
5453439671633,46.006,510,62.7,PASS,0.034
5453440679749,46.914,511,62.8,STEERED,0.041
5453441688657,33.305,512,62.7,PASS,0.036
5453442696799,49.375,513,62.8,STEERED,0.050
5453443704690,47.375,514,62.6,PASS,0.049
5453444712682,33.405,515,62.5,PASS,0.030
5453445720597,46.529,516,62.6,STEERED,0.037
5453446728531,32.982,517,62.7,STEERED,0.021
5453447736407,45.857,518,62.7,STEERED,0.020
5453448744156,32.761,519,62.8,STEERED,0.020
5453449752379,44.447,520,62.9,STEERED,0.048
5453450760353,51.722,521,63.0,STEERED,0.048
5453451768377,33.308,522,62.8,PASS,0.023
5453452776406,45.293,523,62.9,STEERED,0.040
5453453784969,33.191,524,63.0,STEERED,0.038
5453454793182,43.790,525,63.0,STEERED,0.039
5453455801348,33.937,526,63.1,STEERED,0.023
5453456809377,53.174,527,63.2,STEERED,0.046
5453457817554,33.255,528,63.3,STEERED,0.060
5453458825729,46.145,529,63.3,STEERED,0.098
5453459833903,33.502,530,63.4,STEERED,0.021
5453460841939,46.515,531,63.5,STEERED,0.034
5453461850052,46.982,532,63.5,STEERED,0.049
5453462858427,50.108,533,63.6,STEERED,0.022
5453463872171,45.253,534,63.7,STEERED,0.035
5453464879830,34.096,535,63.7,STEERED,0.046
5453465887984,44.310,536,63.8,STEERED,0.050
5453466896257,34.549,537,63.9,STEERED,0.070
5453467904290,48.334,538,63.9,STEERED,0.053
5453468912412,45.203,539,64.0,STEERED,0.022
5453469920511,46.898,540,63.9,PASS,0.056
5453470928523,34.655,541,63.8,PASS,0.105
5453471936700,46.275,542,63.7,PASS,0.022
5453472944659,34.628,543,63.5,PASS,0.030
5453473953067,44.437,544,63.4,PASS,0.041
5453474960728,46.978,545,63.3,PASS,0.047
5453475968646,49.530,546,63.2,PASS,0.041
5453476976868,34.666,547,63.1,PASS,0.037
5453477984983,47.879,548,63.0,PASS,0.038
5453478992949,44.972,549,62.8,PASS,0.071
5453480000717,34.154,550,62.7,PASS,0.123
5453481008687,44.558,551,62.6,PASS,0.025
5453482016324,33.708,552,62.5,PASS,0.084
5453483024482,48.427,553,62.4,PASS,0.044
5453484032597,34.511,554,62.3,PASS,0.041
5453485040225,47.820,555,62.2,PASS,0.035
5453486047965,44.925,556,62.2,STEERED,0.082
5453487056090,34.137,557,62.3,STEERED,0.026
5453488063891,49.121,558,62.4,STEERED,0.044
5453489071850,47.760,559,62.4,STEERED,0.193
5453490079568,50.747,560,62.5,STEERED,0.037
5453491087268,35.624,561,62.6,STEERED,0.049
5453492095128,47.823,562,62.6,STEERED,0.022
5453493103084,34.895,563,62.7,STEERED,0.023
5453494110919,47.129,564,62.8,STEERED,0.035
5453495118970,35.267,565,62.8,STEERED,0.118
5453496127440,46.123,566,62.7,PASS,0.094
5453497135545,35.311,567,62.6,PASS,0.040
5453498143724,49.495,568,62.7,STEERED,0.030
5453499151839,46.378,569,62.6,PASS,0.034
5453500159704,56.550,570,62.5,PASS,0.032
5453501167527,35.453,571,62.5,STEERED,0.054
5453502175448,47.757,572,62.6,STEERED,0.022
5453503183380,45.072,573,62.5,PASS,0.022
5453504191487,35.140,574,62.4,PASS,0.130
5453505199475,50.195,575,62.3,PASS,0.036
5453506207490,35.178,576,62.2,PASS,0.032
5453507215529,47.760,577,62.0,PASS,0.037
5453508223802,49.581,578,61.9,PASS,0.046
5453509232011,46.667,579,61.8,PASS,0.056
5453510239962,34.867,580,61.7,PASS,0.037
5453511247610,46.188,581,61.8,STEERED,0.019
5453512255572,48.666,582,61.7,PASS,0.036
5453513263774,35.175,583,61.6,PASS,0.140
5453514272004,52.164,584,61.6,STEERED,0.022
5453515279844,35.061,585,61.7,STEERED,0.021
5453516288153,46.033,586,61.8,STEERED,0.044
5453517295908,47.472,587,61.8,STEERED,0.043
5453518304089,36.065,588,61.9,STEERED,0.041
5453519312016,46.856,589,62.0,STEERED,0.040
5453520320100,35.138,590,61.9,PASS,0.046
5453521328150,50.691,591,61.9,STEERED,0.042
5453522336275,47.865,592,62.0,STEERED,0.032
5453523344398,35.858,593,62.1,STEERED,0.093
5453524352398,47.051,594,62.1,STEERED,0.030
5453525360550,35.266,595,62.0,PASS,0.045
5453526368699,52.292,596,61.9,PASS,0.068
5453527376668,44.686,597,61.8,PASS,0.049
5453528393799,50.511,598,61.7,PASS,0.048
5453529401670,47.589,599,61.6,PASS,0.032
5453530409542,35.564,600,61.5,PASS,0.023
5453531417452,47.451,601,61.4,PASS,0.063
5453532425302,36.333,602,61.5,STEERED,0.037
5453533433242,46.251,603,61.5,STEERED,0.033
5453534441047,36.245,604,61.6,STEERED,0.048
5453535449018,50.605,605,61.7,STEERED,0.056
5453536456929,36.295,606,61.7,STEERED,0.047
5453537465008,59.627,607,61.6,PASS,0.041
5453538477383,47.336,608,61.5,PASS,0.072
5453539485337,49.518,609,61.4,PASS,0.044
5453540493338,51.069,610,61.3,PASS,0.037
5453541501474,49.592,611,61.2,PASS,0.196
5453542509625,36.244,612,61.3,STEERED,0.061
5453543517640,47.252,613,61.2,PASS,0.036
5453544525798,36.599,614,61.2,STEERED,0.055
5453545533908,50.767,615,61.3,STEERED,0.097
5453546541973,37.004,616,61.4,STEERED,0.365
5453547549945,50.048,617,61.4,STEERED,0.031
5453548558116,49.347,618,61.5,STEERED,0.039
5453549566195,36.899,619,61.6,STEERED,0.020
5453550574473,50.577,620,61.6,STEERED,0.035
5453551582814,36.922,621,61.7,STEERED,0.022
